case,x,numerical,exact
"Pe=10, Da=1",0.0025,0.9139827783872162,0.9139855982245157
"Pe=10, Da=1",0.0075,0.9098059933758906,0.9098087875287809
"Pe=10, Da=1",0.0125,0.9056482978494654,0.9056510664983558
"Pe=10, Da=1",0.0175,0.9015096046801082,0.9015123480045275
"Pe=10, Da=1",0.0225,0.8973898271442919,0.8973925453229041
"Pe=10, Da=1",0.0275,0.8932888789212915,0.8932915721319129
"Pe=10, Da=1",0.0325,0.889206674091707,0.8892093425113226
"Pe=10, Da=1",0.0375,0.8851431271360134,0.8851457709407946
"Pe=10, Da=1",0.0425,0.8810981529331399,0.8811007722984618
"Pe=10, Da=1",0.0475,0.8770716667590766,0.8770742618595373
"Pe=10, Da=1",0.0525,0.8730635842855126,0.8730661552949521
"Pe=10, Da=1",0.0575,0.8690738215785059,0.8690763686700259
"Pe=10, Da=1",0.0625,0.8651022950971857,0.8651048184431698
"Pe=10, Da=1",0.0675,0.8611489216924898,0.8611514214646243
"Pe=10, Da=1",0.0725,0.8572136186059359,0.8572160949752322
"Pe=10, Da=1",0.0775,0.8532963034684323,0.8532987566052493
"Pe=10, Da=1",0.0825,0.8493968942991259,0.8493993243731929
"Pe=10, Da=1",0.08750000000000001,0.8455153095042908,0.8455177166847324
"Pe=10, Da=1",0.0925,0.8416514678762603,0.841653852331621
"Pe=10, Da=1",0.0975,0.8378052885924019,0.8378076504906717
"Pe=10, Da=1",0.10250000000000001,0.8339766912141386,0.8339790307227812
"Pe=10, Da=1",0.1075,0.8301655956860196,0.8301679129719988
"Pe=10, Da=1",0.1125,0.8263719223348396,0.8263742175646496
"Pe=10, Da=1",0.11750000000000001,0.8225955918688136,0.822597865208508
"Pe=10, Da=1",0.1225,0.8188365253768041,0.8188387769920282
"Pe=10, Da=1",0.1275,0.8150946443276087,0.8150968743836318
"Pe=10, Da=1",0.1325,0.8113698705693082,0.8113720792310568
"Pe=10, Da=1",0.1375,0.8076621263286767,0.807664313760771
"Pe=10, Da=1",0.14250000000000002,0.8039713342106615,0.8039735005774505
"Pe=10, Da=1",0.1475,0.8002974171979303,0.8002995626635313
"Pe=10, Da=1",0.1525,0.7966402986504947,0.7966424233788317
"Pe=10, Da=1",0.1575,0.7929999023054087,0.793002006460255
"Pe=10, Da=1",0.1625,0.7893761522765507,0.7893782360215706
"Pe=10, Da=1",0.1675,0.7857689730544889,0.7857710365532836
"Pe=10, Da=1",0.17250000000000001,0.7821782895064383,0.7821803329225919
"Pe=10, Da=1",0.1775,0.77860402687631,0.7786060503734389
"Pe=10, Da=1",0.1825,0.7750461107848613,0.7750481145266644
"Pe=10, Da=1",0.1875,0.7715044672299503,0.7715064513802621
"Pe=10, Da=1",0.1925,0.7679790225868977,0.7679809873097436
"Pe=10, Da=1",0.1975,0.7644697036089673,0.7644716490686214
"Pe=10, Da=1",0.2025,0.760976437427966,0.760978363789011
"Pe=10, Da=1",0.20750000000000002,0.7574991515549719,0.7575010589823615
"Pe=10, Da=1",0.2125,0.7540377738811976,0.7540396625403225
"Pe=10, Da=1",0.2175,0.7505922326789946,0.7505941027357503
"Pe=10, Da=1",0.2225,0.7471624566030065,0.7471643082238655
"Pe=10, Da=1",0.2275,0.7437483746914815,0.7437502080435667
"Pe=10, Da=1",0.2325,0.7403499163677479,0.7403517316189114
"Pe=10, Da=1",0.23750000000000002,0.7369670114418663,0.7369688087607702
"Pe=10, Da=1",0.2425,0.733599590112463,0.7336013696686635
"Pe=10, Da=1",0.2475,0.7302475829687605,0.7302493449327975
"Pe=10, Da=1",0.2525,0.7269109209928089,0.7269126655362983
"Pe=10, Da=1",0.2575,0.723589535561935,0.7235912628576652
"Pe=10, Da=1",0.2625,0.7202833584514168,0.7202850686734497
"Pe=10, Da=1",0.2675,0.7169923218373982,0.7169940151611749
"Pe=10, Da=1",0.2725,0.7137163583000552,0.7137180349025058
"Pe=10, Da=1",0.2775,0.710455400827028,0.7104570608866874
"Pe=10, Da=1",0.28250000000000003,0.7072093828171346,0.7072110265142624
"Pe=10, Da=1",0.28750000000000003,0.7039782380843794,0.7039798656010856
"Pe=10, Da=1",0.2925,0.7007619008622741,0.7007635123826504
"Pe=10, Da=1",0.2975,0.697560305808487,0.697561901518745
"Pe=10, Da=1",0.3025,0.6943733880098413,0.6943749680984547
"Pe=10, Da=1",0.3075,0.6912010829876779,0.6912026476455332
"Pe=10, Da=1",0.3125,0.6880433267036057,0.6880448761241582
"Pe=10, Da=1",0.3175,0.684900055565659,0.6849015899450972
"Pe=10, Da=1",0.3225,0.681771206434886,0.6817727259723018
"Pe=10, Da=1",0.3275,0.6786567166323901,0.6786582215299579
"Pe=10, Da=1",0.3325,0.6755565239468516,0.6755580144100151
"Pe=10, Da=1",0.3375,0.6724705666425542,0.6724720428802211
"Pe=10, Da=1",0.3425,0.6693987834679449,0.6694002456926909
"Pe=10, Da=1",0.34750000000000003,0.6663411136647579,0.6663425620930392
"Pe=10, Da=1",0.3525,0.6632974969777319,0.6632989318301086
"Pe=10, Da=1",0.3575,0.6602678736649555,0.6602692951663225
"Pe=10, Da=1",0.3625,0.6572521845088741,0.6572535928887047
"Pe=10, Da=1",0.3675,0.6542503708279961,0.6542517663205952
"Pe=10, Da=1",0.3725,0.6512623744893368,0.6512637573341057
"Pe=10, Da=1",0.3775,0.648288137921641,0.6482895083633538
"Pe=10, Da=1",0.3825,0.645327604129428,0.6453289624185203
"Pe=10, Da=1",0.3875,0.6423807167079043,0.6423820631007745
"Pe=10, Da=1",0.3925,0.6394474198587917,0.6394487546181161
"Pe=10, Da=1",0.3975,0.6365276584071244,0.6365289818021856
"Pe=10, Da=1",0.4025,0.6336213778190658,0.6336226901260962
"Pe=10, Da=1",0.40750000000000003,0.630728524220804,0.6307298257233432
"Pe=10, Da=1",0.41250000000000003,0.6278490444185857,0.6278503354078547
"Pe=10, Da=1",0.4175,0.6249828859199508,0.6249841666952421
"Pe=10, Da=1",0.4225,0.6221299969562372,0.622131267825322
"Pe=10, Da=1",0.4275,0.6192903265064247,0.6192915877859774
"Pe=10, Da=1",0.4325,0.6164638243223929,0.6164650763384342
"Pe=10, Da=1",0.4375,0.6136504409556731,0.6136516840440326
"Pe=10, Da=1",0.4425,0.6108501277857769,0.6108513622925752
"Pe=10, Da=1",0.4475,0.60806283705019,0.6080640633323416
"Pe=10, Da=1",0.4525,0.6052885218761246,0.605289740301862
"Pe=10, Da=1",0.4575,0.6025271363141267,0.6025283472635476
"Pe=10, Da=1",0.4625,0.5997786353736455,0.5997798392392822
"Pe=10, Da=1",0.4675,0.5970429750606715,0.5970441722480857
"Pe=10, Da=1",0.47250000000000003,0.5943201124175607,0.5943213033459621
"Pe=10, Da=1",0.47750000000000004,0.5916100055651667,0.5916111906680586
"Pe=10, Da=1",0.4825,0.5889126137474103,0.5889137934732617
"Pe=10, Da=1",0.4875,0.5862278973784224,0.5862290721913676
"Pe=10, Da=1",0.4925,0.5835558180924041,0.5835569884729728
"Pe=10, Da=1",0.4975,0.5808963387963574,0.5808975052422337
"Pe=10, Da=1",0.5025000000000001,0.5782494237258459,0.578250586752659
"Pe=10, Da=1",0.5075000000000001,0.575615038503956,0.5756161986461027
"Pe=10, Da=1",0.5125,0.5729931502036371,0.572994308015139
"Pe=10, Da=1",0.5175,0.5703837274136104,0.5703848834690045
"Pe=10, Da=1",0.5225,0.5677867403080475,0.5677878952033137
"Pe=10, Da=1",0.5275,0.5652021607202273,0.5652033150737515
"Pe=10, Da=1",0.5325,0.562629962220396,0.562631116673974
"Pe=10, Da=1",0.5375,0.5600701201980658,0.5600712754179448
"Pe=10, Da=1",0.5425,0.5575226119490003,0.5575237686269622
"Pe=10, Da=1",0.5475,0.5549874167671494,0.5549885756216365
"Pe=10, Da=1",0.5525,0.5524645160418106,0.5524656778190948
"Pe=10, Da=1",0.5575,0.5499538933603113,0.5499550588357085
"Pe=10, Da=1",0.5625,0.54745553461652,0.5474567045956504
"Pe=10, Da=1",0.5675,0.544969428125513,0.5449706034456097
"Pe=10, Da=1",0.5725,0.542495564744743,0.5424967462760106
"Pe=10, Da=1",0.5775,0.5400339380020732,0.5400351266490956
"Pe=10, Da=1",0.5825,0.537584544231062,0.5375857409342628
"Pe=10, Da=1",0.5875,0.5351473827139045,0.5351485884510613
"Pe=10, Da=1",0.5925,0.5327224558324606,0.5327236716202742
"Pe=10, Da=1",0.5975,0.5303097692278228,0.5303109961235426
"Pe=10, Da=1",0.6025,0.5279093319689031,0.5279105710720097
"Pe=10, Da=1",0.6075,0.5255211567305438,0.5255224091844919
"Pe=10, Da=1",0.6125,0.5231452599816868,0.5231465269757073
"Pe=10, Da=1",0.6175,0.520781662184166,0.5207829449551309
"Pe=10, Da=1",0.6225,0.5184303880027171,0.5184316878370672
"Pe=10, Da=1",0.6275000000000001,0.5160914665268356,0.5160927847625718
"Pe=10, Da=1",0.6325000000000001,0.5137649315051467,0.5137662695338875
"Pe=10, Da=1",0.6375000000000001,0.511450821592988,0.5114521808620935
"Pe=10, Da=1",0.6425,0.5091491806139478,0.5091505626287103
"Pe=10, Da=1",0.6475,0.5068600578361397,0.5068614641620447
"Pe=10, Da=1",0.6525,0.5045835082640433,0.5045849405290965
"Pe=10, Da=1",0.6575,0.502319592946779,0.502321052843907
"Pe=10, Da=1",0.6625,0.500068379303744,0.5000698685932622
"Pe=10, Da=1",0.6675,0.4978299414685801,0.49783146198073314
"Pe=10, Da=1",0.6725,0.49560436065250246,0.4956059142900748
"Pe=10, Da=1",0.6775,0.49339172552807536,0.4933933142690736
"Pe=10, Da=1",0.6825,0.49119213263458233,0.4911937585349869
"Pe=10, Da=1",0.6875,0.48900568680620127,0.48900735200278966
"Pe=10, Da=1",0.6925,0.48683250162426384,0.48683420833750224
"Pe=10, Da=1",0.6975,0.48467269989495126,0.48467445043195484
"Pe=10, Da=1",0.7025,0.48252641415385217,0.48252821091141235
"Pe=10, Da=1",0.7075,0.4803937871988901,0.4803956326665663
"Pe=10, Da=1",0.7125,0.47827497265321184,0.47827686941648717
"Pe=10, Da=1",0.7175,0.4761701355597177,0.4761720863032133
"Pe=10, Da=1",0.7225,0.4740794530090085,0.4740814605197566
"Pe=10, Da=1",0.7275,0.4720031148026243,0.472005181973393
"Pe=10, Da=1",0.7325,0.4699413241535545,0.4699434539862226
"Pe=10, Da=1",0.7375,0.46789429842611036,0.46789649403508565
"Pe=10, Da=1",0.7425,0.46586226991736823,0.46586453453304444
"Pe=10, Da=1",0.7475,0.46384548668251563,0.46384782365476096
"Pe=10, Da=1",0.7525000000000001,0.4618442134065636,0.46184662620823413
"Pe=10, Da=1",0.7575000000000001,0.45985873232502616,0.4598612245554955
"Pe=10, Da=1",0.7625000000000001,0.4578893441963137,0.4578919195850102
"Pe=10, Da=1",0.7675000000000001,0.45593636932874343,0.4559390317386832
"Pe=10, Da=1",0.7725,0.4540001486652283,0.45400290209653543
"Pe=10, Da=1",0.7775,0.4520810449288831,0.45208389352228073
"Pe=10, Da=1",0.7825,0.4501794438329636,0.4501823918732249
"Pe=10, Da=1",0.7875,0.4482957553587491,0.4482988072780903
"Pe=10, Da=1",0.7925,0.4464304151051798,0.4464335754865795
"Pe=10, Da=1",0.7975,0.4445838857142751,0.44458715929469966
"Pe=10, Da=1",0.8025,0.4427566583765842,0.4427600500500994
"Pe=10, Da=1",0.8075,0.44094925442115956,0.44095276924190463
"Pe=10, Da=1",0.8125,0.4391622269947956,0.43916587017979497
"Pe=10, Da=1",0.8175,0.43739616283554006,0.4373999397673251
"Pe=10, Da=1",0.8225,0.4356516841457677,0.4356556003747788
"Pe=10, Da=1",0.8275,0.4339294505704035,0.43393351181713785
"Pe=10, Da=1",0.8325,0.4322301612861926,0.4322343734430644
"Pe=10, Da=1",0.8375,0.4305545572082496,0.430558926341121
"Pe=10, Da=1",0.8425,0.42890342332046544,0.4289079556698071
"Pe=10, Da=1",0.8475,0.42727759113672337,0.42728229311835736
"Pe=10, Da=1",0.8525,0.4256779413002604,0.42568281950563575
"Pe=10, Da=1",0.8575,0.42410540632892774,0.4241104675248731
"Pe=10, Da=1",0.8625,0.4225609735145343,0.4225662246424283
"Pe=10, Da=1",0.8675,0.42104568798491937,0.421051136159215
"Pe=10, Da=1",0.8725,0.4195606559378845,0.4195663084439163
"Pe=10, Da=1",0.8775000000000001,0.41810704805662674,0.41811291234762604
"Pe=10, Da=1",0.8825000000000001,0.41668610311685766,0.416692186810093
"Pe=10, Da=1",0.8875000000000001,0.41529913179636113,0.4153054426683169
"Pe=10, Da=1",0.8925000000000001,0.41394752069835117,0.4139540666788456
"Pe=10, Da=1",0.8975,0.4126327366006225,0.4126395257657647
"Pe=10, Da=1",0.9025,0.4113563309431644,0.411363371507036
"Pe=10, Da=1",0.9075,0.410119944567617,0.41012724487255925
"Pe=10, Da=1",0.9125,0.4089253127227,0.40893288122807425
"Pe=10, Da=1",0.9175,0.4077742703505367,0.4077821156198198
"Pe=10, Da=1",0.9225,0.40666875766963456,0.4066768883556955
"Pe=10, Da=1",0.9275,0.4056108260711657,0.4056192508995617
"Pe=10, Da=1",0.9325,0.40460264434612697,0.40461137209624204
"Pe=10, Da=1",0.9375,0.4036465052619443,0.40365554474578186
"Pe=10, Da=1",0.9425,0.4027448325081271,0.4027541925465513
"Pe=10, Da=1",0.9475,0.4019001880316804,0.4019098774278883
"Pe=10, Da=1",0.9525,0.4011152797841422,0.40112530729412926
"Pe=10, Da=1",0.9575,0.40039296990334156,0.4004033442031085
"Pe=10, Da=1",0.9625,0.3997362833542701,0.39974701300349613
"Pe=10, Da=1",0.9675,0.3991484170548243,0.39915951045671594
"Pe=10, Da=1",0.9725,0.3986327495136261,0.3986442148706245
"Pe=10, Da=1",0.9775,0.39819285100865204,0.3982046962736623
"Pe=10, Da=1",0.9825,0.39783249433701506,0.3978447271597928
"Pe=10, Da=1",0.9875,0.39755566616794474,0.3975682938362523
"Pe=10, Da=1",0.9925,0.39736657903281136,0.39737960840792347
"Pe=10, Da=1",0.9975,0.3972696839879361,0.3972831214340469
"Pe=100, Da=2",0.0025,0.9759531983364871,0.9759683265987431
"Pe=100, Da=2",0.0075,0.966428351883055,0.9664431848535034
"Pe=100, Da=2",0.0125,0.9569964634732216,0.9570110054747611
"Pe=100, Da=2",0.0175,0.9476566258799876,0.9476708811792632
"Pe=100, Da=2",0.0225,0.9384079407304643,0.9384219135385544
"Pe=100, Da=2",0.0275,0.9292495184194618,0.9292632128925563
"Pe=100, Da=2",0.0325,0.9201804780239206,0.9201938982639911
"Pe=100, Da=2",0.0375,0.9111999472181781,0.9112130972736402
"Pe=100, Da=2",0.0425,0.9023070621900617,0.9023199460564301
"Pe=100, Da=2",0.0475,0.8935009675578018,0.8935135891783365
"Pe=100, Da=2",0.0525,0.8847808162877542,0.8847931795541002
"Pe=100, Da=2",0.0575,0.876145769612926,0.8761578783657463
"Pe=100, Da=2",0.0625,0.8675949969522989,0.867606854981897
"Pe=100, Da=2",0.0675,0.8591276758309355,0.8591392868778742
"Pe=100, Da=2",0.0725,0.8507429918008694,0.8507543595565797
"Pe=100, Da=2",0.0775,0.8424401383627652,0.8424512664701496
"Pe=100, Da=2",0.0825,0.8342183168883437,0.8342292089423708
"Pe=100, Da=2",0.08750000000000001,0.8260767365435631,0.826087396091858
"Pe=100, Da=2",0.0925,0.8180146142125524,0.8180250447559773
"Pe=100, Da=2",0.0975,0.8100311744222852,0.8100413794155136
"Pe=100, Da=2",0.10250000000000001,0.8021256492679882,0.8021356321200748
"Pe=100, Da=2",0.1075,0.7942972783392798,0.79430704241422
"Pe=100, Da=2",0.1125,0.7865453086470278,0.7865548572643142
"Pe=100, Da=2",0.11750000000000001,0.7788689945509215,0.7788783309860904
"Pe=100, Da=2",0.1225,0.7712675976877503,0.7712767251729251
"Pe=100, Da=2",0.1275,0.7637403869003837,0.7637493086248094
"Pe=100, Da=2",0.1325,0.756286638167442,0.7562953572780143
"Pe=100, Da=2",0.1375,0.7489056345336553,0.748914154135444
"Pe=100, Da=2",0.14250000000000002,0.7415966660409019,0.7416049891976672
"Pe=100, Da=2",0.1475,0.734359029659919,0.7343671593946219
"Pe=100, Da=2",0.1525,0.7271920292226801,0.7271999685179875
"Pe=100, Da=2",0.1575,0.7200949753554333,0.7201027271542159
"Pe=100, Da=2",0.1625,0.7130671854123916,0.7130747526182171
"Pe=100, Da=2",0.1675,0.7061079834100714,0.7061153688876909
"Pe=100, Da=2",0.17250000000000001,0.6992166999622718,0.699223906538101
"Pe=100, Da=2",0.1775,0.6923926722156871,0.6923997026782829
"Pe=100, Da=2",0.1825,0.6856352437861507,0.6856421008866789
"Pe=100, Da=2",0.1875,0.6789437646954976,0.6789504511481986
"Pe=100, Da=2",0.1925,0.6723175913090457,0.6723241097916929
"Pe=100, Da=2",0.1975,0.6657560862736862,0.665762439428039
"Pe=100, Da=2",0.2025,0.6592586184565784,0.6592648088888301
"Pe=100, Da=2",0.20750000000000002,0.6528245628844425,0.6528305931656634
"Pe=100, Da=2",0.2125,0.6464533006834454,0.6464591733500199
"Pe=100, Da=2",0.2175,0.6401442190196736,0.6401499365737315
"Pe=100, Da=2",0.2225,0.633896711040185,0.63390227595003
"Pe=100, Da=2",0.2275,0.6277101758146385,0.6277155905151691
"Pe=100, Da=2",0.2325,0.6215840182774919,0.6215892851706188
"Pe=100, Da=2",0.23750000000000002,0.6155176491707642,0.615522770625822
"Pe=100, Da=2",0.2425,0.6095104849873566,0.6095154633415109
"Pe=100, Da=2",0.2475,0.6035619479149265,0.6035667854735761
"Pe=100, Da=2",0.2525,0.5976714657803088,0.5976761648174839
"Pe=100, Da=2",0.2575,0.5918384719944814,0.5918430347532351
"Pe=100, Da=2",0.2625,0.5860624054980653,0.5860668341908627
"Pe=100, Da=2",0.2675,0.5803427107073591,0.58034700751646
"Pe=100, Da=2",0.2725,0.5746788374608981,0.5746830045387357
"Pe=100, Da=2",0.2775,0.5690702409665356,0.5690742804360915
"Pe=100, Da=2",0.28250000000000003,0.5635163817490415,0.5635202957042155
"Pe=100, Da=2",0.28750000000000003,0.5580167255982118,0.5580205161041869
"Pe=100, Da=2",0.2925,0.5525707435174836,0.5525744126110871
"Pe=100, Da=2",0.2975,0.5471779116730531,0.5471814613631139
"Pe=100, Da=2",0.3025,0.5418377113434892,0.5418411436111896
"Pe=100, Da=2",0.3075,0.5365496288698394,0.536552945669064
"Pe=100, Da=2",0.3125,0.5313131556062217,0.5313163588639014
"Pe=100, Da=2",0.3175,0.5261277878709004,0.526130879487352
"Pe=100, Da=2",0.3225,0.5209930268978374,0.5209960087471
"Pe=100, Da=2",0.3275,0.515908378788718,0.5159112527188847
"Pe=100, Da=2",0.3325,0.5108733544654437,0.5108761222989895
"Pe=100, Da=2",0.3375,0.5058874696230894,0.5058901331571956
"Pe=100, Da=2",0.3425,0.5009502446833195,0.5009528056901932
"Pe=100, Da=2",0.34750000000000003,0.49606120474825827,0.49606366497544907
"Pe=100, Da=2",0.3525,0.4912198795548113,0.49122224072552373
"Pe=100, Da=2",0.3575,0.4864258034294315,0.48642806724283405
"Pe=100, Da=2",0.3625,0.4816785152433281,0.4816806833748575
"Pe=100, Da=2",0.3675,0.4769775583681112,0.47697963246977454
"Pe=100, Da=2",0.3725,0.47232248063187043,0.4723244623325423
"Pe=100, Da=2",0.3775,0.46771283427568155,0.4677147251813989
"Pe=100, Da=2",0.3825,0.46314817591053786,0.46314997760479004
"Pe=100, Da=2",0.3875,0.458628066474702,0.45862978051871817
"Pe=100, Da=2",0.3925,0.45415207119147344,0.45415369912450615
"Pe=100, Da=2",0.3975,0.449719759527369,0.44972130286697437
"Pe=100, Da=2",0.4025,0.44533070515071055,0.4453321653930255
"Pe=100, Da=2",0.40750000000000003,0.4409844858906179,0.44098586451063326
"Pe=100, Da=2",0.41250000000000003,0.43668068369640073,0.4366819821482318
"Pe=100, Da=2",0.4175,0.4324188845973481,0.4324201043145015
"Pe=100, Da=2",0.4225,0.4281986786629094,0.4281998210585467
"Pe=100, Da=2",0.4275,0.42401965996326424,0.4240207264304628
"Pe=100, Da=2",0.4325,0.4198814265302774,0.4198824184422876
"Pe=100, Da=2",0.4375,0.41578358031883433,0.41578449902933395
"Pe=100, Da=2",0.4425,0.4117257271685549,0.41172657401190044
"Pe=100, Da=2",0.4475,0.40770747676587926,0.40770825305735414
"Pe=100, Da=2",0.4525,0.4037284426065257,0.40372914964258527
"Pe=100, Da=2",0.4575,0.3997882419583133,0.3997888810168272
"Pe=100, Da=2",0.4625,0.3958864958243481,0.39588706816483943
"Pe=100, Da=2",0.4675,0.39202282890656825,0.3920233357704502
"Pe=100, Da=2",0.47250000000000003,0.38819686956964544,0.3881973121804547
"Pe=100, Da=2",0.47750000000000004,0.38440824980523847,0.38440862936886583
"Pe=100, Da=2",0.4825,0.380656605196595,0.3806569229015134
"Pe=100, Da=2",0.4875,0.37694157488349983,0.3769418319009892
"Pe=100, Da=2",0.4925,0.3732628015275645,0.37326299901193444
"Pe=100, Da=2",0.4975,0.3696199312778559,0.36962007036666533
"Pe=100, Da=2",0.5025000000000001,0.3660126137368606,0.3660126955511347
"Pe=100, Da=2",0.5075000000000001,0.36244050192678084,0.3624405275712253
"Pe=100, Da=2",0.5125,0.3589032522561597,0.3589032228193728
"Pe=100, Da=2",0.5175,0.35540052448683207,0.3554004410415136
"Pe=100, Da=2",0.5225,0.3519319817011983,0.3519318453043562
"Pe=100, Da=2",0.5275,0.3484972902698165,0.3484971019629711
"Pe=100, Da=2",0.5325,0.3450961198193124,0.34509588062869806
"Pe=100, Da=2",0.5375,0.3417281432006008,0.34172785413736484
"Pe=100, Da=2",0.5425,0.33839303645741875,0.3383926985178187
"Pe=100, Da=2",0.5475,0.33509047879516474,0.3350900929607619
"Pe=100, Da=2",0.5525,0.3318201525500423,0.33181971978789465
"Pe=100, Da=2",0.5575,0.32858174315850525,0.32858126442135605
"Pe=100, Da=2",0.5625,0.32537493912700005,0.32537441535346595
"Pe=100, Da=2",0.5675,0.32219943200200474,0.3221988641167602
"Pe=100, Da=2",0.5725,0.31905491634035926,0.3190543052543197
"Pe=100, Da=2",0.5775,0.31594108967988577,0.31594043629038787
"Pe=100, Da=2",0.5825,0.3128576525102959,0.31285695770127586
"Pe=100, Da=2",0.5875,0.30980430824438127,0.309803572886551
"Pe=100, Da=2",0.5925,0.30678076318948605,0.306779988140507
"Pe=100, Da=2",0.5975,0.30378672651925726,0.3037859126239123
"Pe=100, Da=2",0.6025,0.3008219102456709,0.30082105833603384
"Pe=100, Da=2",0.6075,0.29788602919133145,0.2978851400869351
"Pe=100, Da=2",0.6125,0.29497880096204115,0.29497787547004223
"Pe=100, Da=2",0.6175,0.2920999459196376,0.2920989848349808
"Pe=100, Da=2",0.6225,0.2892491871550958,0.28924819126067486
"Pe=100, Da=2",0.6275000000000001,0.2864262504618934,0.28642522052871094
"Pe=100, Da=2",0.6325000000000001,0.28363086430963536,0.28362980109696007
"Pe=100, Da=2",0.6375000000000001,0.2808627598179361,0.2808616640734588
"Pe=100, Da=2",0.6425,0.27812167073055694,0.27812054319054363
"Pe=100, Da=2",0.6475,0.27540733338979523,0.27540617477923957
"Pe=100, Da=2",0.6525,0.27271948671112434,0.27271829774389694
"Pe=100, Da=2",0.6575,0.2700578721580803,0.2700566535370773
"Pe=100, Da=2",0.6625,0.26742223371739415,0.2674209861346829
"Pe=100, Da=2",0.6675,0.26481231787436643,0.2648110420113304
"Pe=100, Da=2",0.6725,0.2622278735884826,0.2622265701159637
"Pe=100, Da=2",0.6775,0.25966865226926605,0.25966732184770563
"Pe=100, Da=2",0.6825,0.25713440775236696,0.2571330510319448
"Pe=100, Da=2",0.6875,0.25462489627588425,0.25462351389665605
"Pe=100, Da=2",0.6925,0.2521398764569189,0.252138469048952
"Pe=100, Da=2",0.6975,0.24967910926835601,0.24967767745186328
"Pe=100, Da=2",0.7025,0.24724235801587352,0.24724090240134577
"Pe=100, Da=2",0.7075,0.24482938831517517,0.2448279095035118
"Pe=100, Da=2",0.7125,0.2424399680694457,0.24243846665208396
"Pe=100, Da=2",0.7175,0.24007386744702622,0.24007234400606825
"Pe=100, Da=2",0.7225,0.23773085885930723,0.2377293139676464
"Pe=100, Da=2",0.7275,0.23541071693883758,0.23540915116028263
"Pe=100, Da=2",0.7325,0.23311321851764705,0.23311163240704486
"Pe=100, Da=2",0.7375,0.2308381426057804,0.2308365367091374
"Pe=100, Da=2",0.7425,0.22858527037004117,0.22858364522464306
"Pe=100, Da=2",0.7475,0.22635438511294273,0.22635274124747282
"Pe=100, Da=2",0.7525000000000001,0.22414527225186492,0.2241436101865214
"Pe=100, Da=2",0.7575000000000001,0.22195771929841432,0.22195603954502585
"Pe=100, Da=2",0.7625000000000001,0.219791515837986,0.2197898189001265
"Pe=100, Da=2",0.7675000000000001,0.21764645350952538,0.21764473988262753
"Pe=100, Da=2",0.7725,0.21552232598548776,0.21552059615695657
"Pe=100, Da=2",0.7775,0.21341892895199502,0.2134171834013205
"Pe=100, Da=2",0.7825,0.211336060089187,0.2113342992880586
"Pe=100, Da=2",0.7875,0.2092735190517682,0.20927174346419083
"Pe=100, Da=2",0.7925,0.20723110744974857,0.2072293175321639
"Pe=100, Da=2",0.7975,0.20520862882938082,0.20520682503079618
"Pe=100, Da=2",0.8025,0.20320588865429715,0.20320407141642974
"Pe=100, Da=2",0.8075,0.2012226942868529,0.2012208640442979
"Pe=100, Da=2",0.8125,0.19925885496969156,0.19925701215013114
"Pe=100, Da=2",0.8175,0.19731418180755386,0.19731232683203279
"Pe=100, Da=2",0.8225,0.1953884877493747,0.1953866210326852
"Pe=100, Da=2",0.8275,0.19348158757073858,0.1934797095219825
"Pe=100, Da=2",0.8325,0.19159329785681659,0.19159140888025686
"Pe=100, Da=2",0.8375,0.18972343698599203,0.18972153748237094
"Pe=100, Da=2",0.8425,0.18787182511452438,0.1878699154831387
"Pe=100, Da=2",0.8475,0.18603828416284174,0.18603636480483976
"Pe=100, Da=2",0.8525,0.18422263780445627,0.18422070912810365
"Pe=100, Da=2",0.8575,0.18242471145917685,0.18242277388829367
"Pe=100, Da=2",0.8625,0.1806443322934389,0.18064238628093157
"Pe=100, Da=2",0.8675,0.1788813292324986,0.17887937528206538
"Pe=100, Da=2",0.8725,0.17713553299248136,0.17713357169340527
"Pe=100, Da=2",0.8775000000000001,0.17540677614573583,0.17540480822858914
"Pe=100, Da=2",0.8825000000000001,0.17369489324213147,0.17369291966781747
"Pe=100, Da=2",0.8875000000000001,0.17199972102440506,0.17199774312621618
"Pe=100, Da=2",0.8925000000000001,0.17032109880169033,0.17031911851144457
"Pe=100, Da=2",0.8975,0.1686588690891771,0.1686568892962878
"Pe=100, Da=2",0.9025,0.16701287869558284,0.16701090381558226
"Pe=100, Da=2",0.9075,0.16538298056422962,0.16538101743603992
"Pe=100, Da=2",0.9125,0.16376903688240244,0.16376709617931837
"Pe=100, Da=2",0.9175,0.1621709243252398,0.16216902276460524
"Pe=100, Da=2",0.9225,0.16058854289213698,0.16058670667951844
"Pe=100, Da=2",0.9275,0.15902183078957982,0.15902010095794042
"Pe=100, Da=2",0.9325,0.1574707894905817,0.15746923012460026
"Pe=100, Da=2",0.9375,0.1559355259221887,0.15593423673186962
"Pe=100, Da=2",0.9425,0.15441632348101497,0.1544154588519566
"Pe=100, Da=2",0.9475,0.15291376156893216,0.15291355910883894
"Pe=100, Da=2",0.9525,0.151428916792587,0.1514297395222667
"Pe=100, Da=2",0.9575,0.14996370161062894,0.1499660992262676
"Pe=100, Da=2",0.9625,0.14852143431810305,0.1485262300694412
"Pe=100, Da=2",0.9675,0.1471077983926805,0.1471162082814087
"Pe=100, Da=2",0.9725,0.14573245717292752,0.14574624557777935
"Pe=100, Da=2",0.9775,0.14441177152115867,0.14443343821093899
"Pe=100, Da=2",0.9825,0.14317337391168497,0.14320634406854957
"Pe=100, Da=2",0.9875,0.1420638670553067,0.14211260341812632
"Pe=100, Da=2",0.9925,0.14116178140837823,0.1412316272335531
"Pe=100, Da=2",0.9975,0.14059938387288665,0.14069572289776222
"Pe=1000, Da=1",0.00025,0.9987524938451068,0.9987525353043012
"Pe=1000, Da=1",0.00075,0.9982537405731261,0.9982537819909127
"Pe=1000, Da=1",0.00125,0.9977552363666824,0.9977552777430925
"Pe=1000, Da=1",0.00175,0.9972569811013984,0.997257022436463
"Pe=1000, Da=1",0.0022500000000000003,0.9967589746529588,0.9967590159467088
"Pe=1000, Da=1",0.00275,0.9962612168971103,0.9962612581495768
"Pe=1000, Da=1",0.0032500000000000003,0.9957637077096618,0.9957637489208756
"Pe=1000, Da=1",0.00375,0.9952664469664843,0.9952664881364762
"Pe=1000, Da=1",0.00425,0.9947694345435105,0.9947694756723113
"Pe=1000, Da=1",0.00475,0.994272670316735,0.9942727114043759
"Pe=1000, Da=1",0.00525,0.9937761541622148,0.9937761952087264
"Pe=1000, Da=1",0.00575,0.9932798859560682,0.9932799269614815
"Pe=1000, Da=1",0.00625,0.9927838655744761,0.9927839065388218
"Pe=1000, Da=1",0.00675,0.9922880928936806,0.9922881338169892
"Pe=1000, Da=1",0.00725,0.9917925677899854,0.9917926086722882
"Pe=1000, Da=1",0.00775,0.991297290139757,0.9912973309810846
"Pe=1000, Da=1",0.00825,0.9908022598194227,0.9908023006198058
"Pe=1000, Da=1",0.00875,0.990307476705472,0.990307517464941
"Pe=1000, Da=1",0.00925,0.9898129406744559,0.9898129813930414
"Pe=1000, Da=1",0.00975,0.9893186516029868,0.9893186922807199
"Pe=1000, Da=1",0.01025,0.9888246093677391,0.9888246500046501
"Pe=1000, Da=1",0.010750000000000001,0.9883308138454486,0.9883308544415685
"Pe=1000, Da=1",0.01125,0.9878372649129129,0.987837305468272
"Pe=1000, Da=1",0.01175,0.9873439624469905,0.9873440029616198
"Pe=1000, Da=1",0.01225,0.9868509063246022,0.9868509467985321
"Pe=1000, Da=1",0.012750000000000001,0.98635809642273,0.9863581368559909
"Pe=1000, Da=1",0.01325,0.9858655326184168,0.9858655730110395
"Pe=1000, Da=1",0.01375,0.9853732147887675,0.9853732551407823
"Pe=1000, Da=1",0.01425,0.9848811428109484,0.9848811831223859
"Pe=1000, Da=1",0.014750000000000001,0.9843893165621868,0.9843893568330776
"Pe=1000, Da=1",0.01525,0.9838977359197715,0.9838977761501457
"Pe=1000, Da=1",0.01575,0.9834064007610525,0.9834064409509408
"Pe=1000, Da=1",0.01625,0.9829153109634411,0.9829153511128734
"Pe=1000, Da=1",0.01675,0.9824244664044096,0.9824245065134168
"Pe=1000, Da=1",0.01725,0.9819338669614917,0.9819339070301041
"Pe=1000, Da=1",0.017750000000000002,0.9814435125122823,0.9814435525405303
"Pe=1000, Da=1",0.01825,0.9809534029344374,0.9809534429223514
"Pe=1000, Da=1",0.01875,0.9804635381056742,0.9804635780532844
"Pe=1000, Da=1",0.01925,0.9799739179037706,0.9799739578111073
"Pe=1000, Da=1",0.01975,0.979484542206566,0.9794845820736594
"Pe=1000, Da=1",0.02025,0.9789954108919606,0.9789954507188405
"Pe=1000, Da=1",0.02075,0.9785065238379151,0.9785065636246122
"Pe=1000, Da=1",0.02125,0.978017880922452,0.9780179206689964
"Pe=1000, Da=1",0.021750000000000002,0.9775294820236542,0.9775295217300758
"Pe=1000, Da=1",0.02225,0.9770413270196654,0.9770413666859945
"Pe=1000, Da=1",0.02275,0.9765534157886903,0.9765534554149571
"Pe=1000, Da=1",0.02325,0.9760657482089944,0.9760657877952291
"Pe=1000, Da=1",0.02375,0.9755783241589044,0.975578363705137
"Pe=1000, Da=1",0.02425,0.9750911435168074,0.9750911830230679
"Pe=1000, Da=1",0.02475,0.9746042061611507,0.9746042456274692
"Pe=1000, Da=1",0.02525,0.9741175119704433,0.9741175513968497
"Pe=1000, Da=1",0.025750000000000002,0.9736310608232542,0.9736311002097788
"Pe=1000, Da=1",0.02625,0.9731448525982135,0.9731448919448861
"Pe=1000, Da=1",0.02675,0.9726588871740113,0.9726589264808617
"Pe=1000, Da=1",0.02725,0.9721731644293987,0.9721732036964573
"Pe=1000, Da=1",0.02775,0.9716876842431874,0.971687723470484
"Pe=1000, Da=1",0.02825,0.9712024464942494,0.9712024856818139
"Pe=1000, Da=1",0.02875,0.9707174510615174,0.9707174902093796
"Pe=1000, Da=1",0.02925,0.9702326978239845,0.9702327369321743
"Pe=1000, Da=1",0.029750000000000002,0.9697481866607038,0.9697482257292512
"Pe=1000, Da=1",0.03025,0.9692639174507895,0.9692639564797243
"Pe=1000, Da=1",0.03075,0.9687798900734159,0.9687799290627677
"Pe=1000, Da=1",0.03125,0.9682961044078174,0.968296143357616
"Pe=1000, Da=1",0.03175,0.9678125603332889,0.9678125992435641
"Pe=1000, Da=1",0.03225,0.9673292577291854,0.9673292965999672
"Pe=1000, Da=1",0.03275,0.9668461964749225,0.9668462353062406
"Pe=1000, Da=1",0.03325,0.9663633764499758,0.9663634152418599
"Pe=1000, Da=1",0.03375,0.9658807975338812,0.9658808362863608
"Pe=1000, Da=1",0.03425,0.9653984596062345,0.9653984983193393
"Pe=1000, Da=1",0.03475,0.9649163625466919,0.9649164012204515
"Pe=1000, Da=1",0.035250000000000004,0.9644345062349695,0.9644345448694138
"Pe=1000, Da=1",0.035750000000000004,0.9639528905508437,0.9639529291460023
"Pe=1000, Da=1",0.03625,0.9634715153741505,0.963471553930053
"Pe=1000, Da=1",0.03675,0.9629903805847866,0.9629904191014624
"Pe=1000, Da=1",0.03725,0.962509486062708,0.9625095245401868
"Pe=1000, Da=1",0.03775,0.962028831687931,0.9620288701262422
"Pe=1000, Da=1",0.03825,0.9615484173405316,0.961548455739705
"Pe=1000, Da=1",0.03875,0.9610682429006461,0.9610682812607111
"Pe=1000, Da=1",0.03925,0.9605883082484703,0.9605883465694562
"Pe=1000, Da=1",0.03975,0.9601086132642598,0.9601086515461963
"Pe=1000, Da=1",0.04025,0.9596291578283301,0.9596291960712465
"Pe=1000, Da=1",0.04075,0.9591499418210568,0.9591499800249825
"Pe=1000, Da=1",0.04125,0.9586709651228746,0.9586710032878392
"Pe=1000, Da=1",0.04175,0.9581922276142782,0.9581922657403109
"Pe=1000, Da=1",0.04225,0.9577137291758221,0.9577137672629523
"Pe=1000, Da=1",0.04275,0.9572354696881205,0.9572355077363774
"Pe=1000, Da=1",0.043250000000000004,0.9567574490318468,0.9567574870412601
"Pe=1000, Da=1",0.043750000000000004,0.9562796670877344,0.9562797050583333
"Pe=1000, Da=1",0.04425,0.9558021237365762,0.9558021616683897
"Pe=1000, Da=1",0.04475,0.9553248188592244,0.9553248567522818
"Pe=1000, Da=1",0.04525,0.9548477523365909,0.9548477901909216
"Pe=1000, Da=1",0.04575,0.954370924049647,0.95437096186528
"Pe=1000, Da=1",0.04625,0.9538943338794234,0.9538943716563882
"Pe=1000, Da=1",0.04675,0.9534179817070103,0.9534180194453363
"Pe=1000, Da=1",0.04725,0.9529418674135572,0.9529419051132734
"Pe=1000, Da=1",0.04775,0.9524659908802732,0.9524660285414085
"Pe=1000, Da=1",0.04825,0.9519903519884264,0.9519903896110101
"Pe=1000, Da=1",0.04875,0.9515149506193442,0.9515149882034053
"Pe=1000, Da=1",0.04925,0.9510397866544136,0.9510398241999813
"Pe=1000, Da=1",0.04975,0.9505648599750806,0.9505648974821838
"Pe=1000, Da=1",0.05025,0.9500901704628502,0.9500902079315181
"Pe=1000, Da=1",0.05075,0.9496157179992868,0.9496157554295485
"Pe=1000, Da=1",0.051250000000000004,0.949141502466014,0.9491415398578984
"Pe=1000, Da=1",0.051750000000000004,0.9486675237447145,0.9486675610982506
"Pe=1000, Da=1",0.05225,0.9481937817171299,0.9481938190323466
"Pe=1000, Da=1",0.05275,0.9477202762650611,0.9477203135419875
"Pe=1000, Da=1",0.05325,0.9472470072703676,0.9472470445090327
"Pe=1000, Da=1",0.05375,0.9467739746149687,0.9467740118154013
"Pe=1000, Da=1",0.05425,0.946301178180842,0.9463012153430708
"Pe=1000, Da=1",0.05475,0.945828617850024,0.9458286549740783
"Pe=1000, Da=1",0.05525,0.9453562935046104,0.9453563305905188
"Pe=1000, Da=1",0.05575,0.9448842050267557,0.9448842420745474
"Pe=1000, Da=1",0.05625,0.9444123522986735,0.9444123893083769
"Pe=1000, Da=1",0.05675,0.9439407352026356,0.9439407721742794
"Pe=1000, Da=1",0.05725,0.9434693536209731,0.9434693905545865
"Pe=1000, Da=1",0.05775,0.9429982074360757,0.9429982443316873
"Pe=1000, Da=1",0.05825,0.9425272965303918,0.9425273333880304
"Pe=1000, Da=1",0.058750000000000004,0.9420566207864287,0.942056657606123
"Pe=1000, Da=1",0.059250000000000004,0.9415861800867521,0.9415862168685308
"Pe=1000, Da=1",0.059750000000000004,0.9411159743139865,0.9411160110578782
"Pe=1000, Da=1",0.06025,0.940646003350815,0.9406460400568486
"Pe=1000, Da=1",0.06075,0.9401762670799793,0.9401763037481833
"Pe=1000, Da=1",0.06125,0.9397067653842796,0.9397068020146826
"Pe=1000, Da=1",0.06175,0.9392374981465744,0.9392375347392052
"Pe=1000, Da=1",0.06225,0.9387684652497814,0.9387685018046682
"Pe=1000, Da=1",0.06275,0.938299666576876,0.9382997030940475
"Pe=1000, Da=1",0.06325,0.9378311020108927,0.9378311384903775
"Pe=1000, Da=1",0.06375,0.9373627714349235,0.9373628078767502
"Pe=1000, Da=1",0.06425,0.9368946747321198,0.9368947111363168
"Pe=1000, Da=1",0.06475,0.9364268117856906,0.9364268481522865
"Pe=1000, Da=1",0.06525,0.9359591824789038,0.9359592188079271
"Pe=1000, Da=1",0.06575,0.935491786695085,0.9354918229865641
"Pe=1000, Da=1",0.06625,0.9350246243176189,0.935024660571582
"Pe=1000, Da=1",0.06675,0.9345576952299472,0.9345577314464231
"Pe=1000, Da=1",0.06725,0.934090999315571,0.9340910354945879
"Pe=1000, Da=1",0.06775,0.9336245364580491,0.9336245725996353
"Pe=1000, Da=1",0.06825,0.9331583065409982,0.9331583426451822
"Pe=1000, Da=1",0.06875,0.9326923094480934,0.9326923455149037
"Pe=1000, Da=1",0.06925,0.9322265450630681,0.9322265810925326
"Pe=1000, Da=1",0.06975,0.9317610132697133,0.9317610492618605
"Pe=1000, Da=1",0.07025,0.9312957139518784,0.9312957499067366
"Pe=1000, Da=1",0.07075000000000001,0.9308306469934702,0.930830682911068
"Pe=1000, Da=1",0.07125000000000001,0.9303658122784546,0.9303658481588195
"Pe=1000, Da=1",0.07175000000000001,0.9299012096908542,0.9299012455340151
"Pe=1000, Da=1",0.07225,0.9294368391147503,0.9294368749207353
"Pe=1000, Da=1",0.07275,0.9289727004342817,0.928972736203119
"Pe=1000, Da=1",0.07325,0.9285087935336456,0.9285088292653633
"Pe=1000, Da=1",0.07375,0.9280451182970966,0.9280451539917229
"Pe=1000, Da=1",0.07425,0.927581674608947,0.9275817102665097
"Pe=1000, Da=1",0.07475,0.9271184623535671,0.9271184979740945
"Pe=1000, Da=1",0.07525,0.9266554814153847,0.9266555169989049
"Pe=1000, Da=1",0.07575,0.9261927316788856,0.9261927672254268
"Pe=1000, Da=1",0.07625,0.9257302130286131,0.9257302485382034
"Pe=1000, Da=1",0.07675,0.9252679253491685,0.9252679608218358
"Pe=1000, Da=1",0.07725,0.9248058685252102,0.9248059039609825
"Pe=1000, Da=1",0.07775,0.9243440424414544,0.9243440778403598
"Pe=1000, Da=1",0.07825,0.923882446982675,0.9238824823447415
"Pe=1000, Da=1",0.07875,0.9234210820337034,0.9234211173589588
"Pe=1000, Da=1",0.07925,0.9229599474794286,0.9229599827679011
"Pe=1000, Da=1",0.07975,0.9224990432047968,0.9224990784565142
"Pe=1000, Da=1",0.08025,0.9220383690948118,0.9220384043098022
"Pe=1000, Da=1",0.08075,0.921577925034535,0.9215779602128259
"Pe=1000, Da=1",0.08125,0.9211177109090849,0.9211177460507044
"Pe=1000, Da=1",0.08175,0.9206577266036375,0.9206577617086135
"Pe=1000, Da=1",0.08225,0.9201979720034263,0.9201980070717865
"Pe=1000, Da=1",0.08275,0.919738446993742,0.919738482025514
"Pe=1000, Da=1",0.08325,0.9192791514599321,0.9192791864551441
"Pe=1000, Da=1",0.08375,0.9188200852874022,0.9188201202460818
"Pe=1000, Da=1",0.08425,0.9183612483616146,0.9183612832837896
"Pe=1000, Da=1",0.08475,0.9179026405680889,0.9179026754537872
"Pe=1000, Da=1",0.08525,0.9174442617924019,0.9174442966416512
"Pe=1000, Da=1",0.08575,0.9169861119201878,0.9169861467330155
"Pe=1000, Da=1",0.08625000000000001,0.9165281908371373,0.9165282256135712
"Pe=1000, Da=1",0.08675000000000001,0.9160704984289988,0.9160705331690666
"Pe=1000, Da=1",0.08725000000000001,0.9156130345815773,0.9156130692853065
"Pe=1000, Da=1",0.08775000000000001,0.9151557991807349,0.9151558338481534
"Pe=1000, Da=1",0.08825,0.9146987921123909,0.9146988267435263
"Pe=1000, Da=1",0.08875,0.9142420132625215,0.9142420478574012
"Pe=1000, Da=1",0.08925,0.91378546251716,0.9137854970758115
"Pe=1000, Da=1",0.08975,0.9133291397623959,0.9133291742848473
"Pe=1000, Da=1",0.09025,0.9128730448843767,0.912873079370655
"Pe=1000, Da=1",0.09075,0.9124171777693059,0.9124172122194388
"Pe=1000, Da=1",0.09125,0.9119615383034441,0.911961572717459
"Pe=1000, Da=1",0.09175,0.9115061263731087,0.9115061607510332
"Pe=1000, Da=1",0.09225,0.9110509418646738,0.9110509762065355
"Pe=1000, Da=1",0.09275,0.9105959846645705,0.9105960189703967
"Pe=1000, Da=1",0.09325,0.9101412546592863,0.9101412889291044
"Pe=1000, Da=1",0.09375,0.9096867517353654,0.9096867859692028
"Pe=1000, Da=1",0.09425,0.909232475779409,0.9092325099772931
"Pe=1000, Da=1",0.09475,0.9087784266780745,0.9087784608400326
"Pe=1000, Da=1",0.09525,0.9083246043180762,0.9083246384441357
"Pe=1000, Da=1",0.09575,0.9078710085861846,0.907871042676373
"Pe=1000, Da=1",0.09625,0.9074176393692274,0.9074176734235718
"Pe=1000, Da=1",0.09675,0.9069644965540882,0.906964530572616
"Pe=1000, Da=1",0.09725,0.9065115800277074,0.9065116140104458
"Pe=1000, Da=1",0.09775,0.9060588896770816,0.9060589236240579
"Pe=1000, Da=1",0.09825,0.9056064253892641,0.9056064593005055
"Pe=1000, Da=1",0.09875,0.9051541870513645,0.9051542209268986
"Pe=1000, Da=1",0.09925,0.9047021745505489,0.9047022083904026
"Pe=1000, Da=1",0.09975,0.9042503877740395,0.9042504215782399
"Pe=1000, Da=1",0.10025,0.9037988266091149,0.9037988603776892
"Pe=1000, Da=1",0.10075,0.9033474909431102,0.9033475246760856
"Pe=1000, Da=1",0.10125,0.9028963806634165,0.9028964143608201
"Pe=1000, Da=1",0.10175000000000001,0.9024454956574811,0.9024455293193401
"Pe=1000, Da=1",0.10225000000000001,0.9019948358128078,0.9019948694391492
"Pe=1000, Da=1",0.10275000000000001,0.9015444010169564,0.9015444346078073
"Pe=1000, Da=1",0.10325000000000001,0.9010941911575429,0.9010942247129303
"Pe=1000, Da=1",0.10375000000000001,0.9006442061222394,0.9006442396421904
"Pe=1000, Da=1",0.10425,0.9001944457987738,0.9001944792833154
"Pe=1000, Da=1",0.10475,0.8997449100749306,0.8997449435240898
"Pe=1000, Da=1",0.10525,0.8992955988385501,0.8992956322523539
"Pe=1000, Da=1",0.10575,0.8988465119775286,0.8988465453560038
"Pe=1000, Da=1",0.10625,0.8983976493798181,0.8983976827229921
"Pe=1000, Da=1",0.10675,0.8979490109334272,0.8979490442413266
"Pe=1000, Da=1",0.10725,0.8975005965264197,0.8975006297990715
"Pe=1000, Da=1",0.10775,0.8970524060469158,0.897052439284347
"Pe=1000, Da=1",0.10825,0.8966044393830915,0.8966044725853289
"Pe=1000, Da=1",0.10875,0.8961566964231786,0.8961567295902492
"Pe=1000, Da=1",0.10925,0.8957091770554647,0.895709210187395
"Pe=1000, Da=1",0.10975,0.895261881168293,0.89526191426511
"Pe=1000, Da=1",0.11025,0.8948148086500626,0.8948148417117932
"Pe=1000, Da=1",0.11075,0.8943679593892284,0.8943679924158994
"Pe=1000, Da=1",0.11125,0.8939213332743013,0.8939213662659392
"Pe=1000, Da=1",0.11175,0.893474930193847,0.8934749631504788
"Pe=1000, Da=1",0.11225,0.893028750036488,0.89302878295814
"Pe=1000, Da=1",0.11275,0.8925827926909011,0.8925828255776005
"Pe=1000, Da=1",0.11325,0.8921370580458198,0.8921370908975932
"Pe=1000, Da=1",0.11375,0.8916915459900326,0.8916915788069069
"Pe=1000, Da=1",0.11425,0.8912462564123839,0.8912462891943854
"Pe=1000, Da=1",0.11475,0.8908011892017732,0.8908012219489286
"Pe=1000, Da=1",0.11525,0.8903563442471558,0.890356376959492
"Pe=1000, Da=1",0.11575,0.8899117214375423,0.8899117541150856
"Pe=1000, Da=1",0.11625,0.8894673206619986,0.8894673533047758
"Pe=1000, Da=1",0.11675,0.8890231418096465,0.8890231744176841
"Pe=1000, Da=1",0.11725000000000001,0.8885791847696626,0.8885792173429871
"Pe=1000, Da=1",0.11775000000000001,0.8881354494312792,0.8881354819699172
"Pe=1000, Da=1",0.11825000000000001,0.8876919356837837,0.8876919681877614
"Pe=1000, Da=1",0.11875000000000001,0.8872486434165188,0.8872486758858632
"Pe=1000, Da=1",0.11925000000000001,0.8868055725188826,0.8868056049536199
"Pe=1000, Da=1",0.11975000000000001,0.8863627228803285,0.8863627552804852
"Pe=1000, Da=1",0.12025,0.8859200943903648,0.8859201267559674
"Pe=1000, Da=1",0.12075,0.8854776869385551,0.8854777192696303
"Pe=1000, Da=1",0.12125,0.8850355004145184,0.8850355327110923
"Pe=1000, Da=1",0.12175,0.8845935347079286,0.8845935669700274
"Pe=1000, Da=1",0.12225,0.8841517897085146,0.8841518219361648
"Pe=1000, Da=1",0.12275,0.8837102653060603,0.8837102974992885
"Pe=1000, Da=1",0.12325,0.8832689613904051,0.8832689935492377
"Pe=1000, Da=1",0.12375,0.8828278778514431,0.8828279099759061
"Pe=1000, Da=1",0.12425,0.8823870145791234,0.8823870466692433
"Pe=1000, Da=1",0.12475,0.8819463714634499,0.8819464035192529
"Pe=1000, Da=1",0.12525,0.8815059483944818,0.8815059804159944
"Pe=1000, Da=1",0.12575,0.881065745262333,0.8810657772495812
"Pe=1000, Da=1",0.12625,0.8806257619571723,0.8806257939101823
"Pe=1000, Da=1",0.12675,0.8801859983692233,0.8801860302880211
"Pe=1000, Da=1",0.12725,0.8797464543887641,0.8797464862733765
"Pe=1000, Da=1",0.12775,0.8793071299061284,0.8793071617565812
"Pe=1000, Da=1",0.12825,0.8788680248117039,0.8788680566280234
"Pe=1000, Da=1",0.12875,0.8784291389959334,0.8784291707781459
"Pe=1000, Da=1",0.12925,0.8779904723493146,0.8779905040974458
"Pe=1000, Da=1",0.12975,0.8775520247623994,0.8775520564764757
"Pe=1000, Da=1",0.13025,0.8771137961257944,0.877113827805842
"Pe=1000, Da=1",0.13075,0.8766757863301614,0.8766758179762062
"Pe=1000, Da=1",0.13125,0.8762379952662164,0.8762380268782844
"Pe=1000, Da=1",0.13175,0.8758004228247296,0.875800454402847
"Pe=1000, Da=1",0.13225,0.8753630688965265,0.8753631004407194
"Pe=1000, Da=1",0.13275,0.8749259333724867,0.8749259648827808
"Pe=1000, Da=1",0.13325,0.8744890161435442,0.8744890476199658
"Pe=1000, Da=1",0.13375,0.8740523171006878,0.8740523485432626
"Pe=1000, Da=1",0.13425,0.8736158361349604,0.8736158675437146
"Pe=1000, Da=1",0.13475,0.8731795731374594,0.8731796045124189
"Pe=1000, Da=1",0.13525,0.872743527999337,0.8727435593405275
"Pe=1000, Da=1",0.13575,0.872307700611799,0.8723077319192465
"Pe=1000, Da=1",0.13625,0.8718720908661061,0.8718721221398367
"Pe=1000, Da=1",0.13675,0.8714366986535732,0.8714367298936126
"Pe=1000, Da=1",0.13725,0.8710015238655694,0.8710015550719434
"Pe=1000, Da=1",0.13775,0.8705665663935178,0.8705665975662523
"Pe=1000, Da=1",0.13825,0.8701318261288963,0.870131857268017
"Pe=1000, Da=1",0.13875,0.8696973029632366,0.8696973340687694
"Pe=1000, Da=1",0.13925,0.8692629967881244,0.869263027860095
"Pe=1000, Da=1",0.13975,0.8688289074951999,0.8688289385336344
"Pe=1000, Da=1",0.14025,0.8683950349761574,0.8683950659810813
"Pe=1000, Da=1",0.14075000000000001,0.8679613791227452,0.8679614100941841
"Pe=1000, Da=1",0.14125000000000001,0.8675279398267655,0.8675279707647452
"Pe=1000, Da=1",0.14175000000000001,0.8670947169800747,0.8670947478846209
"Pe=1000, Da=1",0.14225000000000002,0.8666617104745831,0.8666617413457215
"Pe=1000, Da=1",0.14275000000000002,0.8662289202022551,0.8662289510400114
"Pe=1000, Da=1",0.14325000000000002,0.865796346055109,0.8657963768595088
"Pe=1000, Da=1",0.14375000000000002,0.8653639879252171,0.8653640186962859
"Pe=1000, Da=1",0.14425,0.8649318457047054,0.864931876442469
"Pe=1000, Da=1",0.14475,0.8644999192857539,0.8644999499902378
"Pe=1000, Da=1",0.14525,0.8640682085605963,0.8640682392318262
"Pe=1000, Da=1",0.14575,0.8636367134215206,0.8636367440595218
"Pe=1000, Da=1",0.14625,0.863205433760868,0.8632054643656663
"Pe=1000, Da=1",0.14675,0.8627743694710335,0.8627744000426544
"Pe=1000, Da=1",0.14725,0.8623435204444663,0.8623435509829354
"Pe=1000, Da=1",0.14775,0.861912886573669,0.8619129170790116
"Pe=1000, Da=1",0.14825,0.861482467751198,0.8614824982234395
"Pe=1000, Da=1",0.14875,0.8610522638696632,0.861052294308829
"Pe=1000, Da=1",0.14925,0.860622274821728,0.8606223052278438
"Pe=1000, Da=1",0.14975,0.86019250050011,0.8601925308732009
"Pe=1000, Da=1",0.15025,0.8597629407975796,0.8597629711376712
"Pe=1000, Da=1",0.15075,0.8593335956069613,0.8593336259140791
"Pe=1000, Da=1",0.15125,0.8589044648211329,0.8589044950953022
"Pe=1000, Da=1",0.15175,0.8584755483330258,0.8584755785742716
"Pe=1000, Da=1",0.15225,0.8580468460356249,0.8580468762439729
"Pe=1000, Da=1",0.15275,0.8576183578219682,0.8576183879974436
"Pe=1000, Da=1",0.15325,0.8571900835851475,0.8571901137277755
"Pe=1000, Da=1",0.15375,0.8567620232183077,0.8567620533281138
"Pe=1000, Da=1",0.15425,0.8563341766146474,0.8563342066916568
"Pe=1000, Da=1",0.15475,0.8559065436674184,0.8559065737116565
"Pe=1000, Da=1",0.15525,0.8554791242699256,0.8554791542814175
"Pe=1000, Da=1",0.15575,0.8550519183155274,0.8550519482942982
"Pe=1000, Da=1",0.15625,0.8546249256976354,0.8546249556437102
"Pe=1000, Da=1",0.15675,0.8541981463097144,0.8541981762231186
"Pe=1000, Da=1",0.15725,0.8537715800452823,0.8537716099260411
"Pe=1000, Da=1",0.15775,0.8533452267979105,0.8533452566460488
"Pe=1000, Da=1",0.15825,0.8529190864612232,0.8529191162767662
"Pe=1000, Da=1",0.15875,0.8524931589288978,0.8524931887118707
"Pe=1000, Da=1",0.15925,0.8520674440946651,0.8520674738450931
"Pe=1000, Da=1",0.15975,0.8516419418523083,0.8516419715702164
"Pe=1000, Da=1",0.16025,0.8512166520956647,0.8512166817810778
"Pe=1000, Da=1",0.16075,0.8507915747186234,0.8507916043715666
"Pe=1000, Da=1",0.16125,0.8503667096151274,0.850366739235626
"Pe=1000, Da=1",0.16175,0.8499420566791721,0.8499420862672508
"Pe=1000, Da=1",0.16225,0.8495176158048063,0.8495176453604903
"Pe=1000, Da=1",0.16275,0.8490933868861315,0.8490934164094457
"Pe=1000, Da=1",0.16325,0.8486693698173018,0.848669399308271
"Pe=1000, Da=1",0.16375,0.8482455644925246,0.848245593951174
"Pe=1000, Da=1",0.16425,0.8478219708060599,0.8478220002324142
"Pe=1000, Da=1",0.16475,0.8473985886522206,0.8473986180463048
"Pe=1000, Da=1",0.16525,0.8469754179253723,0.8469754472872112
"Pe=1000, Da=1",0.16575,0.8465524585199334,0.8465524878495521
"Pe=1000, Da=1",0.16625,0.846129710330375,0.846129739627798
"Pe=1000, Da=1",0.16675,0.8457071732512208,0.8457072025164732
"Pe=1000, Da=1",0.16725,0.8452848471770474,0.8452848764101543
"Pe=1000, Da=1",0.16775,0.8448627320024839,0.8448627612034696
"Pe=1000, Da=1",0.16825,0.844440827622212,0.8444408567911015
"Pe=1000, Da=1",0.16875,0.8440191339309662,0.8440191630677842
"Pe=1000, Da=1",0.16925,0.8435976508235331,0.8435976799283045
"Pe=1000, Da=1",0.16975,0.8431763781947524,0.8431764072675019
"Pe=1000, Da=1",0.17025,0.8427553159395161,0.8427553449802683
"Pe=1000, Da=1",0.17075,0.8423344639527686,0.8423344929615484
"Pe=1000, Da=1",0.17125,0.8419138221295066,0.8419138511063384
"Pe=1000, Da=1",0.17175,0.8414933903647795,0.8414934193096884
"Pe=1000, Da=1",0.17225000000000001,0.8410731685536893,0.8410731974666997
"Pe=1000, Da=1",0.17275000000000001,0.8406531565913901,0.8406531854725265
"Pe=1000, Da=1",0.17325000000000002,0.8402333543730881,0.8402333832223754
"Pe=1000, Da=1",0.17375000000000002,0.8398137617940424,0.8398137906115051
"Pe=1000, Da=1",0.17425000000000002,0.839394378749564,0.8393944075352266
"Pe=1000, Da=1",0.17475000000000002,0.8389752051350166,0.8389752338889037
"Pe=1000, Da=1",0.17525000000000002,0.8385562408458155,0.8385562695679518
"Pe=1000, Da=1",0.17575000000000002,0.8381374857774287,0.8381375144678386
"Pe=1000, Da=1",0.17625,0.8377189398253764,0.8377189684840842
"Pe=1000, Da=1",0.17675,0.8373006028852307,0.8373006315122615
"Pe=1000, Da=1",0.17725,0.8368824748526162,0.8368825034479941
"Pe=1000, Da=1",0.17775,0.8364645556232094,0.8364645841869589
"Pe=1000, Da=1",0.17825,0.8360468450927387,0.8360468736248843
"Pe=1000, Da=1",0.17875,0.8356293431569851,0.8356293716575515
"Pe=1000, Da=1",0.17925,0.8352120497117814,0.8352120781807926
"Pe=1000, Da=1",0.17975,0.8347949646530122,0.8347949930904925
"Pe=1000, Da=1",0.18025,0.8343780878766142,0.8343781162825885
"Pe=1000, Da=1",0.18075,0.8339614192785763,0.8339614476530687
"Pe=1000, Da=1",0.18125,0.833544958754939,0.8335449870979739
"Pe=1000, Da=1",0.18175,0.833128706201795,0.8331287345133966
"Pe=1000, Da=1",0.18225,0.8327126615152888,0.8327126897954816
"Pe=1000, Da=1",0.18275,0.8322968245916167,0.8322968528404251
"Pe=1000, Da=1",0.18325,0.8318811953270269,0.831881223544475
"Pe=1000, Da=1",0.18375,0.8314657736178194,0.8314658018039315
"Pe=1000, Da=1",0.18425,0.8310505593603459,0.8310505875151462
"Pe=1000, Da=1",0.18475,0.83063555245101,0.8306355805745228
"Pe=1000, Da=1",0.18525,0.8302207527862668,0.8302207808785165
"Pe=1000, Da=1",0.18575,0.8298061602626234,0.8298061883236342
"Pe=1000, Da=1",0.18625,0.8293917747766386,0.8293918028064344
"Pe=1000, Da=1",0.18675,0.8289775962249225,0.8289776242235276
"Pe=1000, Da=1",0.18725,0.8285636245041371,0.8285636524715758
"Pe=1000, Da=1",0.18775,0.828149859510996,0.8281498874472923
"Pe=1000, Da=1",0.18825,0.8277363011422642,0.8277363290474424
"Pe=1000, Da=1",0.18875,0.8273229492947585,0.8273229771688426
"Pe=1000, Da=1",0.18925,0.8269098038653471,0.8269098317083611
"Pe=1000, Da=1",0.18975,0.8264968647509495,0.8264968925629178
"Pe=1000, Da=1",0.19025,0.8260841318485372,0.8260841596294837
"Pe=1000, Da=1",0.19075,0.8256716050551327,0.8256716328050814
"Pe=1000, Da=1",0.19125,0.8252592842678101,0.8252593119867849
"Pe=1000, Da=1",0.19175,0.8248471693836947,0.8248471970717198
"Pe=1000, Da=1",0.19225,0.8244352602999635,0.8244352879570628
"Pe=1000, Da=1",0.19275,0.8240235569138447,0.8240235845400421
"Pe=1000, Da=1",0.19325,0.8236120591226175,0.8236120867179373
"Pe=1000, Da=1",0.19375,0.823200766823613,0.8232007943880788
"Pe=1000, Da=1",0.19425,0.8227896799142131,0.8227897074478491
"Pe=1000, Da=1",0.19475,0.8223787982918512,0.8223788257946812
"Pe=1000, Da=1",0.19525,0.8219681218540119,0.8219681493260597
"Pe=1000, Da=1",0.19575,0.8215576504982308,0.8215576779395203
"Pe=1000, Da=1",0.19625,0.8211473841220949,0.8211474115326498
"Pe=1000, Da=1",0.19675,0.8207373226232421,0.8207373500030865
"Pe=1000, Da=1",0.19725,0.8203274658993615,0.8203274932485194
"Pe=1000, Da=1",0.19775,0.8199178138481934,0.8199178411666884
"Pe=1000, Da=1",0.19825,0.8195083663675291,0.8195083936553852
"Pe=1000, Da=1",0.19875,0.8190991233552111,0.8190991506124521
"Pe=1000, Da=1",0.19925,0.8186900847091327,0.8186901119357821
"Pe=1000, Da=1",0.19975,0.8182812503272382,0.8182812775233199
"Pe=1000, Da=1",0.20025,0.8178726201075229,0.8178726472730607
"Pe=1000, Da=1",0.20075,0.8174641939480333,0.8174642210830508
"Pe=1000, Da=1",0.20125,0.8170559717468662,0.8170559988513871
"Pe=1000, Da=1",0.20175,0.8166479534021699,0.816647980476218
"Pe=1000, Da=1",0.20225,0.8162401388121432,0.8162401658557422
"Pe=1000, Da=1",0.20275,0.815832527875036,0.8158325548882093
"Pe=1000, Da=1",0.20325000000000001,0.8154251204891487,0.8154251474719201
"Pe=1000, Da=1",0.20375000000000001,0.8150179165528327,0.8150179435052259
"Pe=1000, Da=1",0.20425000000000001,0.8146109159644902,0.8146109428865289
"Pe=1000, Da=1",0.20475000000000002,0.814204118622574,0.8142041455142816
"Pe=1000, Da=1",0.20525000000000002,0.8137975244255876,0.8137975512869877
"Pe=1000, Da=1",0.20575000000000002,0.8133911332720853,0.8133911601032017
"Pe=1000, Da=1",0.20625000000000002,0.8129849450606722,0.812984971861528
"Pe=1000, Da=1",0.20675000000000002,0.8125789596900035,0.8125789864606227
"Pe=1000, Da=1",0.20725000000000002,0.8121731770587856,0.8121732037991914
"Pe=1000, Da=1",0.20775000000000002,0.8117675970657752,0.811767623775991
"Pe=1000, Da=1",0.20825,0.8113622196097794,0.811362246289829
"Pe=1000, Da=1",0.20875,0.8109570445896562,0.8109570712395628
"Pe=1000, Da=1",0.20925,0.810552071904314,0.810552098524101
"Pe=1000, Da=1",0.20975,0.8101473014527114,0.8101473280424026
"Pe=1000, Da=1",0.21025,0.8097427331338578,0.8097427596934763
"Pe=1000, Da=1",0.21075,0.8093383668468129,0.8093383933763824
"Pe=1000, Da=1",0.21125,0.8089342024906868,0.8089342289902305
"Pe=1000, Da=1",0.21175,0.80853023996464,0.8085302664341812
"Pe=1000, Da=1",0.21225,0.8081264791678834,0.8081265056074456
"Pe=1000, Da=1",0.21275,0.8077229199996779,0.8077229464092845
"Pe=1000, Da=1",0.21325,0.8073195623593354,0.8073195887390098
"Pe=1000, Da=1",0.21375,0.8069164061462176,0.8069164324959828
"Pe=1000, Da=1",0.21425,0.8065134512597364,0.8065134775796159
"Pe=1000, Da=1",0.21475,0.806110697599354,0.806110723889371
"Pe=1000, Da=1",0.21525,0.8057081450645831,0.8057081713247607
"Pe=1000, Da=1",0.21575,0.805305793554986,0.8053058197853478
"Pe=1000, Da=1",0.21625,0.8049036429701758,0.804903669170745
"Pe=1000, Da=1",0.21675,0.8045016932098153,0.8045017193806149
"Pe=1000, Da=1",0.21725,0.8040999441736176,0.8040999703146708
"Pe=1000, Da=1",0.21775,0.8036983957613458,0.8036984218726759
"Pe=1000, Da=1",0.21825,0.8032970478728131,0.8032970739544434
"Pe=1000, Da=1",0.21875,0.8028959004078827,0.802895926459836
"Pe=1000, Da=1",0.21925,0.8024949532664679,0.8024949792887675
"Pe=1000, Da=1",0.21975,0.8020942063485317,0.8020942323412007
"Pe=1000, Da=1",0.22025,0.8016936595540873,0.8016936855171487
"Pe=1000, Da=1",0.22075,0.8012933127831979,0.801293338716675
"Pe=1000, Da=1",0.22125,0.8008931659359764,0.8008931918398922
"Pe=1000, Da=1",0.22175,0.8004932189125856,0.8004932447869633
"Pe=1000, Da=1",0.22225,0.8000934716132384,0.8000934974581007
"Pe=1000, Da=1",0.22275,0.7996939239381974,0.7996939497535673
"Pe=1000, Da=1",0.22325,0.7992945757877745,0.7992946015736755
"Pe=1000, Da=1",0.22375,0.7988954270623323,0.798895452818787
"Pe=1000, Da=1",0.22425,0.7984964776622826,0.7984965033893141
"Pe=1000, Da=1",0.22475,0.7980977274880869,0.7980977531857184
"Pe=1000, Da=1",0.22525,0.7976991764402568,0.7976992021085109
"Pe=1000, Da=1",0.22575,0.7973008244193532,0.7973008500582529
"Pe=1000, Da=1",0.22625,0.7969026713259867,0.7969026969355548
"Pe=1000, Da=1",0.22675,0.7965047170608177,0.7965047426410773
"Pe=1000, Da=1",0.22725,0.7961069615245561,0.7961069870755301
"Pe=1000, Da=1",0.22775,0.7957094046179612,0.7957094301396724
"Pe=1000, Da=1",0.22825,0.7953120462418424,0.7953120717343137
"Pe=1000, Da=1",0.22875,0.7949148862970581,0.7949149117603124
"Pe=1000, Da=1",0.22925,0.7945179246845164,0.7945179501185764
"Pe=1000, Da=1",0.22975,0.794121161305175,0.7941211867100636
"Pe=1000, Da=1",0.23025,0.793724596060041,0.7937246214357808
"Pe=1000, Da=1",0.23075,0.7933282288501706,0.7933282541967847
"Pe=1000, Da=1",0.23125,0.7929320595766701,0.792932084894181
"Pe=1000, Da=1",0.23175,0.7925360881406945,0.7925361134291248
"Pe=1000, Da=1",0.23225,0.7921403144434485,0.792140339702821
"Pe=1000, Da=1",0.23275,0.7917447383861859,0.7917447636165237
"Pe=1000, Da=1",0.23325,0.7913493598702102,0.7913493850715356
"Pe=1000, Da=1",0.23375,0.7909541787968739,0.7909542039692098
"Pe=1000, Da=1",0.23425,0.7905591950675789,0.7905592202109479
"Pe=1000, Da=1",0.23475000000000001,0.7901644085837762,0.790164433698201
"Pe=1000, Da=1",0.23525000000000001,0.7897698192469661,0.7897698443324694
"Pe=1000, Da=1",0.23575000000000002,0.7893754269586981,0.7893754520153025
"Pe=1000, Da=1",0.23625000000000002,0.7889812316205709,0.7889812566482988
"Pe=1000, Da=1",0.23675000000000002,0.7885872331342322,0.7885872581331064
"Pe=1000, Da=1",0.23725000000000002,0.7881934314013789,0.7881934563714217
"Pe=1000, Da=1",0.23775000000000002,0.787799826323757,0.7877998512649911
"Pe=1000, Da=1",0.23825000000000002,0.7874064178031616,0.7874064427156096
"Pe=1000, Da=1",0.23875000000000002,0.7870132057414365,0.787013230625121
"Pe=1000, Da=1",0.23925000000000002,0.7866201900404751,0.7866202148954186
"Pe=1000, Da=1",0.23975000000000002,0.7862273706022195,0.7862273954284444
"Pe=1000, Da=1",0.24025,0.7858347473286607,0.7858347721261895
"Pe=1000, Da=1",0.24075,0.7854423201218387,0.7854423448906939
"Pe=1000, Da=1",0.24125,0.7850500888838424,0.7850501136240463
"Pe=1000, Da=1",0.24175,0.7846580535168096,0.7846580782283848
"Pe=1000, Da=1",0.24225,0.7842662139229271,0.7842662386058963
"Pe=1000, Da=1",0.24275,0.7838745700044304,0.7838745946588156
"Pe=1000, Da=1",0.24325,0.7834831216636037,0.7834831462894276
"Pe=1000, Da=1",0.24375,0.7830918688027804,0.7830918934000654
"Pe=1000, Da=1",0.24425,0.7827008113243424,0.7827008358931105
"Pe=1000, Da=1",0.24475,0.7823099491307203,0.782309973670994
"Pe=1000, Da=1",0.24525,0.7819192821243935,0.781919306636195
"Pe=1000, Da=1",0.24575,0.7815288102078901,0.781528834691242
"Pe=1000, Da=1",0.24625,0.7811385332837869,0.7811385577387113
"Pe=1000, Da=1",0.24675,0.7807484512547094,0.7807484756812287
"Pe=1000, Da=1",0.24725,0.7803585640233315,0.7803585884214679
"Pe=1000, Da=1",0.24775,0.7799688714923759,0.7799688958621517
"Pe=1000, Da=1",0.24825,0.7795793735646138,0.7795793979060512
"Pe=1000, Da=1",0.24875,0.7791900701428652,0.7791900944559864
"Pe=1000, Da=1",0.24925,0.7788009611299981,0.7788009854148256
"Pe=1000, Da=1",0.24975,0.7784120464289297,0.7784120706854853
"Pe=1000, Da=1",0.25025000000000003,0.7780233259426249,0.778023350170931
"Pe=1000, Da=1",0.25075000000000003,0.7776347995740978,0.7776348237741763
"Pe=1000, Da=1",0.25125000000000003,0.7772464672264103,0.7772464913982837
"Pe=1000, Da=1",0.25175000000000003,0.7768583288026734,0.7768583529463635
"Pe=1000, Da=1",0.25225000000000003,0.7764703842060456,0.7764704083215749
"Pe=1000, Da=1",0.25275000000000003,0.7760826333397346,0.7760826574271249
"Pe=1000, Da=1",0.25325000000000003,0.7756950761069958,0.7756951001662695
"Pe=1000, Da=1",0.25375000000000003,0.7753077124111335,0.7753077364423123
"Pe=1000, Da=1",0.25425000000000003,0.7749205421554998,0.7749205661586059
"Pe=1000, Da=1",0.25475000000000003,0.7745335652434953,0.7745335892185509
"Pe=1000, Da=1",0.25525000000000003,0.7741467815785688,0.7741468055255957
"Pe=1000, Da=1",0.25575000000000003,0.7737601910642171,0.7737602149832374
"Pe=1000, Da=1",0.25625,0.7733737936039856,0.7733738174950213
"Pe=1000, Da=1",0.25675,0.7729875891014677,0.7729876129645409
"Pe=1000, Da=1",0.25725,0.7726015774603047,0.7726016012954374
"Pe=1000, Da=1",0.25775,0.7722157585841863,0.7722157823914002
"Pe=1000, Da=1",0.25825,0.7718301323768505,0.7718301561561677
"Pe=1000, Da=1",0.25875,0.7714446987420827,0.771444722493525
"Pe=1000, Da=1",0.25925,0.7710594575837167,0.7710594813073063
"Pe=1000, Da=1",0.25975,0.7706744088056348,0.7706744325013932
"Pe=1000, Da=1",0.26025,0.7702895523117664,0.7702895759797157
"Pe=1000, Da=1",0.26075,0.7699048880060897,0.7699049116462517
"Pe=1000, Da=1",0.26125,0.7695204157926302,0.7695204394050268
"Pe=1000, Da=1",0.26175,0.7691361355754616,0.7691361591601146
"Pe=1000, Da=1",0.26225,0.7687520472587056,0.7687520708156369
"Pe=1000, Da=1",0.26275,0.7683681507465319,0.7683681742757633
"Pe=1000, Da=1",0.26325,0.7679844459431576,0.7679844694447109
"Pe=1000, Da=1",0.26375,0.7676009327528479,0.7676009562267446
"Pe=1000, Da=1",0.26425,0.7672176110799157,0.7672176345261779
"Pe=1000, Da=1",0.26475,0.766834480828722,0.7668345042473713
"Pe=1000, Da=1",0.26525,0.7664515419036753,0.7664515652947335
"Pe=1000, Da=1",0.26575,0.7660687942092317,0.7660688175727204
"Pe=1000, Da=1",0.26625,0.7656862376498953,0.7656862609858363
"Pe=1000, Da=1",0.26675,0.7653038721302177,0.7653038954386326
"Pe=1000, Da=1",0.26725,0.7649216975547981,0.7649217208357089
"Pe=1000, Da=1",0.26775,0.7645397138282838,0.764539737081712
"Pe=1000, Da=1",0.26825,0.7641579208553693,0.7641579440813363
"Pe=1000, Da=1",0.26875,0.7637763185407966,0.7637763417393242
"Pe=1000, Da=1",0.26925,0.7633949067893556,0.7633949299604657
"Pe=1000, Da=1",0.26975,0.7630136855058837,0.7630137086495972
"Pe=1000, Da=1",0.27025,0.7626326545952653,0.7626326777116046
"Pe=1000, Da=1",0.27075,0.7622518139624332,0.7622518370514191
"Pe=1000, Da=1",0.27125,0.7618711635123672,0.7618711865740216
"Pe=1000, Da=1",0.27175,0.7614907031500942,0.7614907261844385
"Pe=1000, Da=1",0.27225,0.7611104327806889,0.7611104557877449
"Pe=1000, Da=1",0.27275,0.7607303523092737,0.7607303752890626
"Pe=1000, Da=1",0.27325,0.7603504616410177,0.7603504845935611
"Pe=1000, Da=1",0.27375,0.7599707606811378,0.7599707836064574
"Pe=1000, Da=1",0.27425,0.7595912493348982,0.7595912722330153
"Pe=1000, Da=1",0.27475,0.7592119275076104,0.7592119503785464
"Pe=1000, Da=1",0.27525,0.758832795104633,0.7588328179484095
"Pe=1000, Da=1",0.27575,0.7584538520313722,0.7584538748480104
"Pe=1000, Da=1",0.27625,0.7580750981932811,0.7580751209828027
"Pe=1000, Da=1",0.27675,0.7576965334958601,0.7576965562582862
"Pe=1000, Da=1",0.27725,0.7573181578446571,0.7573181805800091
"Pe=1000, Da=1",0.27775,0.7569399711452666,0.7569399938535659
"Pe=1000, Da=1",0.27825,0.7565619733033306,0.7565619959845987
"Pe=1000, Da=1",0.27875,0.7561841642245384,0.7561841868787964
"Pe=1000, Da=1",0.27925,0.7558065438146259,0.7558065664418954
"Pe=1000, Da=1",0.27975,0.7554291119793765,0.7554291345796786
"Pe=1000, Da=1",0.28025,0.7550518686246205,0.7550518911979767
"Pe=1000, Da=1",0.28075,0.7546748136562351,0.7546748362026665
"Pe=1000, Da=1",0.28125,0.7542979469801446,0.7542979694996728
"Pe=1000, Da=1",0.28175,0.7539212685023207,0.7539212909949662
"Pe=1000, Da=1",0.28225,0.7535447781287811,0.7535448005945657
"Pe=1000, Da=1",0.28275,0.7531684757655913,0.7531684982045362
"Pe=1000, Da=1",0.28325,0.7527923613188634,0.7527923837309897
"Pe=1000, Da=1",0.28375,0.7524164346947563,0.7524164570800851
"Pe=1000, Da=1",0.28425,0.7520406957994757,0.7520407181580284
"Pe=1000, Da=1",0.28475,0.7516651445392747,0.7516651668710723
"Pe=1000, Da=1",0.28525,0.7512897808204524,0.751289803125516
"Pe=1000, Da=1",0.28575,0.7509146045493553,0.750914626827706
"Pe=1000, Da=1",0.28625,0.7505396156323765,0.7505396378840355
"Pe=1000, Da=1",0.28675,0.7501648139759556,0.7501648362009439
"Pe=1000, Da=1",0.28725,0.7497901994865792,0.7497902216849182
"Pe=1000, Da=1",0.28775,0.7494157720707806,0.749415794242491
"Pe=1000, Da=1",0.28825,0.7490415316351395,0.7490415537802426
"Pe=1000, Da=1",0.28875,0.7486674780862828,0.7486675002047996
"Pe=1000, Da=1",0.28925,0.7482936113308832,0.7482936334228348
"Pe=1000, Da=1",0.28975,0.747919931275661,0.7479199533410684
"Pe=1000, Da=1",0.29025,0.7475464378273822,0.7475464598662662
"Pe=1000, Da=1",0.29075,0.7471731308928599,0.7471731529052419
"Pe=1000, Da=1",0.29125,0.7468000103789535,0.746800032364854
"Pe=1000, Da=1",0.29175,0.7464270761925691,0.7464270981520092
"Pe=1000, Da=1",0.29225,0.7460543282406589,0.7460543501736596
"Pe=1000, Da=1",0.29275,0.7456817664302221,0.7456817883368044
"Pe=1000, Da=1",0.29325,0.7453093906683038,0.7453094125484886
"Pe=1000, Da=1",0.29375,0.744937200861996,0.7449372227158041
"Pe=1000, Da=1",0.29425,0.7445651969184368,0.7445652187458892
"Pe=1000, Da=1",0.29475,0.7441933787448108,0.7441934005459282
"Pe=1000, Da=1",0.29525,0.7438217462483488,0.7438217680231521
"Pe=1000, Da=1",0.29575,0.7434502993363282,0.7434503210848384
"Pe=1000, Da=1",0.29625,0.7430790379160724,0.7430790596383103
"Pe=1000, Da=1",0.29675,0.7427079618949513,0.7427079835909376
"Pe=1000, Da=1",0.29725,0.742337071180381,0.7423370928501365
"Pe=1000, Da=1",0.29775,0.7419663656798237,0.7419663873233694
"Pe=1000, Da=1",0.29825,0.7415958453007879,0.7415958669181444
"Pe=1000, Da=1",0.29875,0.7412255099508286,0.7412255315420166
"Pe=1000, Da=1",0.29925,0.7408553595375463,0.7408553811025868
"Pe=1000, Da=1",0.29975,0.7404853939685883,0.7404854155075018
"Pe=1000, Da=1",0.30025,0.7401156131516475,0.7401156346644547
"Pe=1000, Da=1",0.30075,0.7397460169944633,0.739746038481185
"Pe=1000, Da=1",0.30125,0.739376605404821,0.739376626865478
"Pe=1000, Da=1",0.30175,0.7390073782905519,0.7390073997251646
"Pe=1000, Da=1",0.30225,0.7386383355595334,0.7386383569681225
"Pe=1000, Da=1",0.30275,0.7382694771196887,0.7382694985022751
"Pe=1000, Da=1",0.30325,0.7379008028789874,0.7379008242355916
"Pe=1000, Da=1",0.30375,0.7375323127454448,0.7375323340760875
"Pe=1000, Da=1",0.30425,0.7371640066271221,0.7371640279318238
"Pe=1000, Da=1",0.30475,0.7367958844321266,0.7367959057109079
"Pe=1000, Da=1",0.30525,0.7364279460686112,0.7364279673214923
"Pe=1000, Da=1",0.30575,0.7360601914447747,0.7360602126717768
"Pe=1000, Da=1",0.30625,0.7356926204688623,0.7356926416700055
"Pe=1000, Da=1",0.30675,0.7353252330491642,0.7353252542244694
"Pe=1000, Da=1",0.30725,0.7349580290940169,0.7349580502435042
"Pe=1000, Da=1",0.30775,0.7345910085118025,0.7345910296354928
"Pe=1000, Da=1",0.30825,0.7342241712109491,0.7342241923088627
"Pe=1000, Da=1",0.30875,0.7338575170999303,0.7338575381720877
"Pe=1000, Da=1",0.30925,0.7334910460872651,0.733491067133687
"Pe=1000, Da=1",0.30975,0.7331247580815191,0.7331247791022254
"Pe=1000, Da=1",0.31025,0.7327586529913025,0.7327586739863141
"Pe=1000, Da=1",0.31075,0.732392730725272,0.7323927516946092
"Pe=1000, Da=1",0.31125,0.7320269911921293,0.7320270121358123
"Pe=1000, Da=1",0.31175,0.731661434300622,0.7316614552186715
"Pe=1000, Da=1",0.31225,0.7312960599595433,0.7312960808519794
"Pe=1000, Da=1",0.31275000000000003,0.7309308680777317,0.7309308889445749
"Pe=1000, Da=1",0.31325000000000003,0.7305658585640714,0.7305658794053422
"Pe=1000, Da=1",0.31375000000000003,0.7302010313274923,0.7302010521432107
"Pe=1000, Da=1",0.31425000000000003,0.7298363862769692,0.7298364070671558
"Pe=1000, Da=1",0.31475000000000003,0.729471923321523,0.7294719440861981
"Pe=1000, Da=1",0.31525000000000003,0.7291076423702196,0.7291076631094033
"Pe=1000, Da=1",0.31575000000000003,0.7287435433321704,0.7287435640458831
"Pe=1000, Da=1",0.31625000000000003,0.7283796261165323,0.7283796468047944
"Pe=1000, Da=1",0.31675000000000003,0.7280158906325076,0.7280159112953392
"Pe=1000, Da=1",0.31725000000000003,0.7276523367893438,0.7276523574267652
"Pe=1000, Da=1",0.31775000000000003,0.7272889644963338,0.7272889851083653
"Pe=1000, Da=1",0.31825000000000003,0.7269257736628157,0.7269257942494772
"Pe=1000, Da=1",0.31875000000000003,0.726562764198173,0.7265627847594848
"Pe=1000, Da=1",0.31925000000000003,0.7261999360118343,0.7261999565478168
"Pe=1000, Da=1",0.31975000000000003,0.7258372890132736,0.7258373095239469
"Pe=1000, Da=1",0.32025,0.72547482311201,0.725474843597394
"Pe=1000, Da=1",0.32075,0.7251125382176077,0.7251125586777228
"Pe=1000, Da=1",0.32125,0.7247504342396763,0.7247504546745427
"Pe=1000, Da=1",0.32175,0.7243885110878705,0.7243885314975084
"Pe=1000, Da=1",0.32225,0.7240267686718899,0.724026789056319
"Pe=1000, Da=1",0.32275,0.7236652069014793,0.7236652272607199
"Pe=1000, Da=1",0.32325,0.7233038256864287,0.7233038460205007
"Pe=1000, Da=1",0.32375,0.7229426249365729,0.7229426452454966
"Pe=1000, Da=1",0.32425,0.7225816045617921,0.7225816248455873
"Pe=1000, Da=1",0.32475,0.722220764472011,0.7222207847306981
"Pe=1000, Da=1",0.32525,0.7218601045771997,0.7218601248107983
"Pe=1000, Da=1",0.32575,0.7214996247873731,0.7214996449959035
"Pe=1000, Da=1",0.32625,0.721139325012591,0.7211393451960731
"Pe=1000, Da=1",0.32675,0.7207792051629582,0.720779225321412
"Pe=1000, Da=1",0.32725,0.7204192651486243,0.7204192852820698
"Pe=1000, Da=1",0.32775,0.7200595048797839,0.720059524988241
"Pe=1000, Da=1",0.32825,0.7196999242666763,0.719699944350165
"Pe=1000, Da=1",0.32875,0.7193405232195857,0.719340543278126
"Pe=1000, Da=1",0.32925,0.7189813016488412,0.7189813216824529
"Pe=1000, Da=1",0.32975,0.7186222594648166,0.7186222794735196
"Pe=1000, Da=1",0.33025,0.7182633965779303,0.7182634165617443
"Pe=1000, Da=1",0.33075,0.7179047128986455,0.7179047328575907
"Pe=1000, Da=1",0.33125,0.7175462083374705,0.7175462282715666
"Pe=1000, Da=1",0.33175,0.7171878828049577,0.7171879027142244
"Pe=1000, Da=1",0.33225,0.7168297362117045,0.7168297560961617
"Pe=1000, Da=1",0.33275,0.7164717684683529,0.7164717883280205
"Pe=1000, Da=1",0.33325,0.7161139794855894,0.7161139993204871
"Pe=1000, Da=1",0.33375,0.7157563691741454,0.715756388984293
"Pe=1000, Da=1",0.33425,0.7153989374447967,0.7153989572302138
"Pe=1000, Da=1",0.33475,0.7150416842083633,0.7150417039690701
"Pe=1000, Da=1",0.33525,0.7146846093757105,0.7146846291117264
"Pe=1000, Da=1",0.33575,0.7143277128577474,0.7143277325690922
"Pe=1000, Da=1",0.33625,0.713970994565428,0.7139710142521214
"Pe=1000, Da=1",0.33675,0.7136144544097506,0.7136144740718124
"Pe=1000, Da=1",0.33725,0.713258092301758,0.713258111939208
"Pe=1000, Da=1",0.33775,0.7129019081525374,0.7129019277653951
"Pe=1000, Da=1",0.33825,0.7125459018732205,0.7125459214615056
"Pe=1000, Da=1",0.33875,0.7121900733749833,0.7121900929387154
"Pe=1000, Da=1",0.33925,0.7118344225690462,0.7118344421082449
"Pe=1000, Da=1",0.33975,0.7114789493666736,0.7114789688813586
"Pe=1000, Da=1",0.34025,0.7111236536791747,0.7111236731693655
"Pe=1000, Da=1",0.34075,0.7107685354179029,0.7107685548836193
"Pe=1000, Da=1",0.34125,0.7104135944942556,0.7104136139355169
"Pe=1000, Da=1",0.34175,0.7100588308196745,0.7100588502365005
"Pe=1000, Da=1",0.34225,0.7097042443056458,0.7097042636980562
"Pe=1000, Da=1",0.34275,0.7093498348636996,0.7093498542317139
"Pe=1000, Da=1",0.34325,0.7089956024054104,0.7089956217490481
"Pe=1000, Da=1",0.34375,0.7086415468423968,0.7086415661616773
"Pe=1000, Da=1",0.34425,0.7082876680863215,0.7082876873812642
"Pe=1000, Da=1",0.34475,0.7079339660488913,0.707933985319516
"Pe=1000, Da=1",0.34525,0.707580440641857,0.707580459888183
"Pe=1000, Da=1",0.34575,0.7072270917770138,0.7072271109990604
"Pe=1000, Da=1",0.34625,0.7068739193662005,0.7068739385639872
"Pe=1000, Da=1",0.34675,0.7065209233213001,0.7065209424948468
"Pe=1000, Da=1",0.34725,0.70616810355424,0.7061681227035654
"Pe=1000, Da=1",0.34775,0.7058154599769909,0.705815479102115
"Pe=1000, Da=1",0.34825,0.705462992501568,0.7054630116025098
"Pe=1000, Da=1",0.34875,0.7051107010400299,0.7051107201168091
"Pe=1000, Da=1",0.34925,0.7047585855044799,0.7047586045571155
"Pe=1000, Da=1",0.34975,0.7044066458070645,0.7044066648355762
"Pe=1000, Da=1",0.35025,0.7040548818599742,0.7040549008643813
"Pe=1000, Da=1",0.35075,0.7037032935754438,0.7037033125557655
"Pe=1000, Da=1",0.35125,0.7033518808657514,0.7033518998220069
"Pe=1000, Da=1",0.35175,0.7030006436432189,0.7030006625754279
"Pe=1000, Da=1",0.35225,0.7026495818202123,0.702649600728394
"Pe=1000, Da=1",0.35275,0.7022986953091416,0.702298714193315
"Pe=1000, Da=1",0.35325,0.7019479840224598,0.7019480028826443
"Pe=1000, Da=1",0.35375,0.7015974478726642,0.7015974667088788
"Pe=1000, Da=1",0.35425,0.7012470867722954,0.7012471055845595
"Pe=1000, Da=1",0.35475,0.700896900633938,0.700896919422271
"Pe=1000, Da=1",0.35525,0.70054688937022,0.700546908134641
"Pe=1000, Da=1",0.35575,0.7001970528938133,0.7001970716343414
"Pe=1000, Da=1",0.35625,0.6998473911174331,0.6998474098340877
"Pe=1000, Da=1",0.35675,0.6994979039538385,0.6994979226466387
"Pe=1000, Da=1",0.35725,0.6991485913158322,0.699148609984797
"Pe=1000, Da=1",0.35775,0.6987994531162599,0.6987994717614087
"Pe=1000, Da=1",0.35825,0.6984504892680115,0.6984505078893631
"Pe=1000, Da=1",0.35875,0.6981016996840199,0.6981017182815937
"Pe=1000, Da=1",0.35925,0.6977530842772617,0.6977531028510767
"Pe=1000, Da=1",0.35975,0.6974046429607569,0.6974046615108321
"Pe=1000, Da=1",0.36025,0.6970563756475691,0.6970563941739236
"Pe=1000, Da=1",0.36075,0.696708282250805,0.696708300753458
"Pe=1000, Da=1",0.36125,0.6963603626836151,0.6963603811625856
"Pe=1000, Da=1",0.36175,0.6960126168591928,0.6960126353144999
"Pe=1000, Da=1",0.36225,0.6956650446907752,0.6956650631224377
"Pe=1000, Da=1",0.36275,0.6953176460916425,0.6953176644996796
"Pe=1000, Da=1",0.36325,0.6949704209751184,0.6949704393595494
"Pe=1000, Da=1",0.36375,0.6946233692545699,0.6946233876154133
"Pe=1000, Da=1",0.36425,0.6942764908434071,0.6942765091806821
"Pe=1000, Da=1",0.36475,0.6939297856550835,0.6939298039688087
"Pe=1000, Da=1",0.36525,0.6935832536030954,0.6935832718932904
"Pe=1000, Da=1",0.36575,0.693236894600983,0.6932369128676664
"Pe=1000, Da=1",0.36625,0.6928907085623293,0.6928907268055198
"Pe=1000, Da=1",0.36675,0.6925446954007601,0.692544713620477
"Pe=1000, Da=1",0.36725,0.692198855029945,0.6921988732262069
"Pe=1000, Da=1",0.36775,0.6918531873635962,0.6918532055364223
"Pe=1000, Da=1",0.36825,0.6915076923154695,0.6915077104648784
"Pe=1000, Da=1",0.36875,0.6911623697993632,0.6911623879253737
"Pe=1000, Da=1",0.36925,0.6908172197291189,0.69081723783175
"Pe=1000, Da=1",0.36975,0.6904722420186213,0.6904722600978918
"Pe=1000, Da=1",0.37025,0.6901274365817982,0.6901274546377267
"Pe=1000, Da=1",0.37075,0.68978280333262,0.6897828213652254
"Pe=1000, Da=1",0.37125,0.6894383421851003,0.6894383601944016
"Pe=1000, Da=1",0.37175,0.6890940530532955,0.6890940710393115
"Pe=1000, Da=1",0.37225,0.6887499358513053,0.6887499538140547
"Pe=1000, Da=1",0.37275,0.688405990493272,0.6884060084327736
"Pe=1000, Da=1",0.37325,0.6880622168933808,0.6880622348096531
"Pe=1000, Da=1",0.37375,0.6877186149658595,0.6877186328589213
"Pe=1000, Da=1",0.37425,0.6873751846249794,0.6873752024948495
"Pe=1000, Da=1",0.37475,0.687031925785054,0.6870319436317509
"Pe=1000, Da=1",0.37525000000000003,0.6866888383604397,0.6866888561839823
"Pe=1000, Da=1",0.37575000000000003,0.6863459222655359,0.686345940065943
"Pe=1000, Da=1",0.37625000000000003,0.6860031774147846,0.6860031951920744
"Pe=1000, Da=1",0.37675000000000003,0.6856606037226705,0.6856606214768621
"Pe=1000, Da=1",0.37725000000000003,0.685318201103721,0.685318218834833
"Pe=1000, Da=1",0.37775000000000003,0.6849759694725064,0.6849759871805572
"Pe=1000, Da=1",0.37825000000000003,0.6846339087436394,0.6846339264286477
"Pe=1000, Da=1",0.37875000000000003,0.6842920188317753,0.6842920364937596
"Pe=1000, Da=1",0.37925000000000003,0.6839502996516122,0.6839503172905914
"Pe=1000, Da=1",0.37975000000000003,0.6836087511178909,0.6836087687338833
"Pe=1000, Da=1",0.38025000000000003,0.6832673731453944,0.6832673907384188
"Pe=1000, Da=1",0.38075000000000003,0.6829261656489487,0.6829261832190234
"Pe=1000, Da=1",0.38125000000000003,0.6825851285434219,0.6825851460905656
"Pe=1000, Da=1",0.38175000000000003,0.682244261743725,0.6822442792679559
"Pe=1000, Da=1",0.38225000000000003,0.6819035651648112,0.6819035826661481
"Pe=1000, Da=1",0.38275000000000003,0.6815630387216763,0.6815630562001378
"Pe=1000, Da=1",0.38325000000000004,0.6812226823293587,0.681222699784963
"Pe=1000, Da=1",0.38375000000000004,0.6808824959029388,0.6808825133357046
"Pe=1000, Da=1",0.38425,0.6805424793575399,0.6805424967674853
"Pe=1000, Da=1",0.38475,0.6802026326083271,0.6802026499954709
"Pe=1000, Da=1",0.38525,0.6798629555705085,0.6798629729348691
"Pe=1000, Da=1",0.38575,0.6795234481593342,0.6795234655009299
"Pe=1000, Da=1",0.38625,0.6791841102900967,0.6791841276089462
"Pe=1000, Da=1",0.38675,0.6788449418781308,0.6788449591742521
"Pe=1000, Da=1",0.38725,0.6785059428388136,0.6785059601122253
"Pe=1000, Da=1",0.38775,0.6781671130875643,0.6781671303382848
"Pe=1000, Da=1",0.38825,0.6778284525398446,0.6778284697678921
"Pe=1000, Da=1",0.38875,0.6774899611111582,0.677489978316551
"Pe=1000, Da=1",0.38925,0.677151638717051,0.6771516558998075
"Pe=1000, Da=1",0.38975,0.6768134852731112,0.6768135024332498
"Pe=1000, Da=1",0.39025,0.6764755006949693,0.6764755178325081
"Pe=1000, Da=1",0.39075,0.6761376848982974,0.676137702013255
"Pe=1000, Da=1",0.39125,0.6758000377988103,0.6758000548912046
"Pe=1000, Da=1",0.39175,0.6754625593122644,0.6754625763821139
"Pe=1000, Da=1",0.39225,0.6751252493544585,0.6751252664017816
"Pe=1000, Da=1",0.39275,0.6747881078412336,0.6747881248660482
"Pe=1000, Da=1",0.39325,0.6744511346884721,0.6744511516907966
"Pe=1000, Da=1",0.39375,0.674114329812099,0.6741143467919516
"Pe=1000, Da=1",0.39425,0.6737776931280809,0.6737777100854799
"Pe=1000, Da=1",0.39475,0.6734412245524267,0.6734412414873902
"Pe=1000, Da=1",0.39525,0.673104924001187,0.6731049409137333
"Pe=1000, Da=1",0.39575,0.6727687913904545,0.6727688082806016
"Pe=1000, Da=1",0.39625,0.6724328266363635,0.6724328435041296
"Pe=1000, Da=1",0.39675,0.6720970296550905,0.6720970465004937
"Pe=1000, Da=1",0.39725,0.6717614003628538,0.6717614171859124
"Pe=1000, Da=1",0.39775,0.6714259386759134,0.6714259554766454
"Pe=1000, Da=1",0.39825,0.6710906445105712,0.6710906612889946
"Pe=1000, Da=1",0.39875,0.670755517783171,0.6707555345393039
"Pe=1000, Da=1",0.39925,0.6704205584100982,0.6704205751439588
"Pe=1000, Da=1",0.39975,0.6700857663077799,0.670085783019386
"Pe=1000, Da=1",0.40025,0.6697511413926851,0.6697511580820552
"Pe=1000, Da=1",0.40075,0.6694166835813246,0.6694167002484764
"Pe=1000, Da=1",0.40125,0.6690823927902506,0.6690824094352025
"Pe=1000, Da=1",0.40175,0.6687482689360572,0.6687482855588269
"Pe=1000, Da=1",0.40225,0.6684143119353801,0.6684143285359858
"Pe=1000, Da=1",0.40275,0.6680805217048968,0.6680805382833562
"Pe=1000, Da=1",0.40325,0.667746898161326,0.6677469147176575
"Pe=1000, Da=1",0.40375,0.6674134412214283,0.6674134577556494
"Pe=1000, Da=1",0.40425,0.6670801508020057,0.6670801673141347
"Pe=1000, Da=1",0.40475,0.6667470268199018,0.6667470433099565
"Pe=1000, Da=1",0.40525,0.666414069192002,0.6664140856600004
"Pe=1000, Da=1",0.40575,0.6660812778352327,0.6660812942811926
"Pe=1000, Da=1",0.40625,0.6657486526665621,0.6657486690905017
"Pe=1000, Da=1",0.40675,0.6654161936029999,0.6654162100049367
"Pe=1000, Da=1",0.40725,0.6650839005615973,0.6650839169415494
"Pe=1000, Da=1",0.40775,0.6647517734594465,0.6647517898174317
"Pe=1000, Da=1",0.40825,0.6644198122136814,0.6644198285497175
"Pe=1000, Da=1",0.40875,0.6640880167414773,0.6640880330555823
"Pe=1000, Da=1",0.40925,0.6637563869600509,0.6637564032522425
"Pe=1000, Da=1",0.40975,0.6634249227866602,0.6634249390569562
"Pe=1000, Da=1",0.41025,0.6630936241386044,0.6630936403870227
"Pe=1000, Da=1",0.41075,0.6627624909332239,0.6627625071597822
"Pe=1000, Da=1",0.41125,0.6624315230879009,0.6624315392926172
"Pe=1000, Da=1",0.41175,0.6621007205200583,0.6621007367029501
"Pe=1000, Da=1",0.41225,0.6617700831471605,0.6617700993082456
"Pe=1000, Da=1",0.41275,0.6614396108867131,0.6614396270260094
"Pe=1000, Da=1",0.41325,0.6611093036562629,0.661109319773788
"Pe=1000, Da=1",0.41375,0.6607791613733975,0.6607791774691691
"Pe=1000, Da=1",0.41425,0.6604491839557465,0.6604492000297825
"Pe=1000, Da=1",0.41475,0.6601193713209798,0.6601193873732978
"Pe=1000, Da=1",0.41525,0.6597897233868089,0.6597897394174265
"Pe=1000, Da=1",0.41575,0.6594602400709861,0.659460256079921
"Pe=1000, Da=1",0.41625,0.659130921291305,0.659130937278575
"Pe=1000, Da=1",0.41675,0.6588017669656001,0.6588017829312227
"Pe=1000, Da=1",0.41725,0.6584727770117471,0.6584727929557398
"Pe=1000, Da=1",0.41775,0.6581439513476626,0.6581439672700432
"Pe=1000, Da=1",0.41825,0.657815289891304,0.6578153057920901
"Pe=1000, Da=1",0.41875,0.65748679256067,0.6574868084398792
"Pe=1000, Da=1",0.41925,0.6571584592738001,0.65715847513145
"Pe=1000, Da=1",0.41975,0.6568302899487748,0.656830305784883
"Pe=1000, Da=1",0.42025,0.6565022845037154,0.6565023003182993
"Pe=1000, Da=1",0.42075,0.6561744428567841,0.6561744586498613
"Pe=1000, Da=1",0.42125,0.6558467649261839,0.655846780697772
"Pe=1000, Da=1",0.42175,0.6555192506301589,0.6555192663802756
"Pe=1000, Da=1",0.42225,0.655191899886994,0.6551919156156565
"Pe=1000, Da=1",0.42275,0.6548647126150146,0.6548647283222405
"Pe=1000, Da=1",0.42325,0.654537688732587,0.6545377044183939
"Pe=1000, Da=1",0.42375,0.6542108281581185,0.6542108438225239
"Pe=1000, Da=1",0.42425,0.6538841308100571,0.6538841464530781
"Pe=1000, Da=1",0.42475,0.6535575966068912,0.6535576122285456
"Pe=1000, Da=1",0.42525,0.6532312254671501,0.6532312410674552
"Pe=1000, Da=1",0.42575,0.6529050173094039,0.6529050328883773
"Pe=1000, Da=1",0.42625,0.6525789720522633,0.6525789876099222
"Pe=1000, Da=1",0.42675,0.6522530896143794,0.6522531051507413
"Pe=1000, Da=1",0.42725,0.6519273699144444,0.6519273854295267
"Pe=1000, Da=1",0.42775,0.6516018128711908,0.6516018283650107
"Pe=1000, Da=1",0.42825,0.6512764184033915,0.6512764338759663
"Pe=1000, Da=1",0.42875,0.6509511864298603,0.6509512018812076
"Pe=1000, Da=1",0.42925,0.6506261168694514,0.6506261322995887
"Pe=1000, Da=1",0.42975,0.6503012096410595,0.6503012250500039
"Pe=1000, Da=1",0.43025,0.64997646466362,0.6499764800513889
"Pe=1000, Da=1",0.43075,0.6496518818561087,0.6496518972227192
"Pe=1000, Da=1",0.43125,0.6493274611375414,0.6493274764830108
"Pe=1000, Da=1",0.43175,0.649003202426975,0.6490032177513209
"Pe=1000, Da=1",0.43225,0.6486791056435065,0.6486791209467458
"Pe=1000, Da=1",0.43275,0.6483551707062735,0.6483551859884238
"Pe=1000, Da=1",0.43325,0.6480313975344535,0.6480314127955318
"Pe=1000, Da=1",0.43375,0.6477077860472649,0.6477078012872887
"Pe=1000, Da=1",0.43425,0.6473843361639662,0.6473843513829527
"Pe=1000, Da=1",0.43475,0.6470610478038563,0.6470610630018226
"Pe=1000, Da=1",0.43525,0.6467379208862745,0.6467379360632378
"Pe=1000, Da=1",0.43575,0.6464149553306,0.6464149704865776
"Pe=1000, Da=1",0.43625,0.6460921510562526,0.6460921661912615
"Pe=1000, Da=1",0.43675,0.6457695079826922,0.6457695230967496
"Pe=1000, Da=1",0.43725,0.645447026029419,0.645447041122542
"Pe=1000, Da=1",0.43775000000000003,0.6451247051159733,0.6451247201881791
"Pe=1000, Da=1",0.43825000000000003,0.6448025451619357,0.6448025602132414
"Pe=1000, Da=1",0.43875000000000003,0.6444805460869268,0.6444805611173496
"Pe=1000, Da=1",0.43925000000000003,0.6441587078106077,0.6441587228201644
"Pe=1000, Da=1",0.43975000000000003,0.6438370302526791,0.6438370452413871
"Pe=1000, Da=1",0.44025000000000003,0.643515513332882,0.6435155283007582
"Pe=1000, Da=1",0.44075000000000003,0.6431941569709976,0.6431941719180593
"Pe=1000, Da=1",0.44125000000000003,0.642872961086847,0.6428729760131112
"Pe=1000, Da=1",0.44175000000000003,0.6425519256002916,0.6425519405057754
"Pe=1000, Da=1",0.44225000000000003,0.6422310504312327,0.6422310653159529
"Pe=1000, Da=1",0.44275000000000003,0.6419103354996116,0.6419103503635852
"Pe=1000, Da=1",0.44325000000000003,0.6415897807254093,0.6415897955686534
"Pe=1000, Da=1",0.44375000000000003,0.641269386028647,0.6412694008511787
"Pe=1000, Da=1",0.44425000000000003,0.6409491513293859,0.640949166131222
"Pe=1000, Da=1",0.44475000000000003,0.6406290765477272,0.6406290913288847
"Pe=1000, Da=1",0.44525000000000003,0.6403091616038116,0.6403091763643074
"Pe=1000, Da=1",0.44575000000000004,0.6399894064178199,0.6399894211576713
"Pe=1000, Da=1",0.44625000000000004,0.639669810909973,0.6396698256291967
"Pe=1000, Da=1",0.44675000000000004,0.6393503750005313,0.6393503896991444
"Pe=1000, Da=1",0.44725000000000004,0.6390310986097952,0.6390311132878144
"Pe=1000, Da=1",0.44775000000000004,0.6387119816581049,0.6387119963155472
"Pe=1000, Da=1",0.44825,0.6383930240658403,0.6383930387027226
"Pe=1000, Da=1",0.44875,0.638074225753421,0.63807424036976
"Pe=1000, Da=1",0.44925,0.6377555866413065,0.6377556012371192
"Pe=1000, Da=1",0.44975,0.6374371066499959,0.6374371212252992
"Pe=1000, Da=1",0.45025,0.6371187857000281,0.6371188002548387
"Pe=1000, Da=1",0.45075,0.6368006237119815,0.6368006382463165
"Pe=1000, Da=1",0.45125,0.6364826206064745,0.6364826351203505
"Pe=1000, Da=1",0.45175,0.6361647763041648,0.6361647907975988
"Pe=1000, Da=1",0.45225,0.6358470907257499,0.6358471051987586
"Pe=1000, Da=1",0.45275,0.6355295637919668,0.635529578244567
"Pe=1000, Da=1",0.45325,0.6352121954235922,0.6352122098558007
"Pe=1000, Da=1",0.45375,0.6348949855414423,0.6348949999532759
"Pe=1000, Da=1",0.45425,0.634577934066373,0.6345779484578482
"Pe=1000, Da=1",0.45475,0.6342610409192793,0.634261055290413
"Pe=1000, Da=1",0.45525,0.6339443060210961,0.633944320371905
"Pe=1000, Da=1",0.45575,0.6336277292927976,0.6336277436232983
"Pe=1000, Da=1",0.45625,0.6333113106553976,0.6333113249656068
"Pe=1000, Da=1",0.45675,0.632995050029949,0.6329950643198838
"Pe=1000, Da=1",0.45725,0.6326789473375447,0.6326789616072215
"Pe=1000, Da=1",0.45775,0.6323630024993165,0.6323630167487522
"Pe=1000, Da=1",0.45825,0.6320472154364359,0.6320472296656469
"Pe=1000, Da=1",0.45875,0.6317315860701137,0.6317316002791167
"Pe=1000, Da=1",0.45925,0.6314161143215997,0.6314161285104112
"Pe=1000, Da=1",0.45975,0.6311008001121836,0.6311008142808204
"Pe=1000, Da=1",0.46025,0.6307856433631939,0.6307856575116726
"Pe=1000, Da=1",0.46075,0.6304706439959987,0.6304706581243359
"Pe=1000, Da=1",0.46125,0.6301558019320055,0.6301558160402175
"Pe=1000, Da=1",0.46175,0.6298411170926604,0.6298411311807641
"Pe=1000, Da=1",0.46225,0.6295265893994495,0.6295266034674613
"Pe=1000, Da=1",0.46275,0.6292122187738974,0.6292122328218341
"Pe=1000, Da=1",0.46325,0.6288980051375684,0.6288980191654464
"Pe=1000, Da=1",0.46375,0.628583948412066,0.6285839624199019
"Pe=1000, Da=1",0.46425,0.6282700485190323,0.6282700625068425
"Pe=1000, Da=1",0.46475,0.6279563053801493,0.6279563193479504
"Pe=1000, Da=1",0.46525,0.6276427189171375,0.6276427328649458
"Pe=1000, Da=1",0.46575,0.6273292890517566,0.6273293029795888
"Pe=1000, Da=1",0.46625,0.6270160157058056,0.627016029613678
"Pe=1000, Da=1",0.46675,0.6267028988011223,0.6267029126890514
"Pe=1000, Da=1",0.46725,0.6263899382595837,0.626389952127586
"Pe=1000, Da=1",0.46775,0.6260771340031057,0.6260771478511977
"Pe=1000, Da=1",0.46825,0.6257644859536435,0.6257644997818415
"Pe=1000, Da=1",0.46875,0.6254519940331907,0.6254520078415113
"Pe=1000, Da=1",0.46925,0.6251396581637805,0.62513967195224
"Pe=1000, Da=1",0.46975,0.6248274782674844,0.6248274920360992
"Pe=1000, Da=1",0.47025,0.6245154542664134,0.6245154680151996
"Pe=1000, Da=1",0.47075,0.6242035860827169,0.6242035998116912
"Pe=1000, Da=1",0.47125,0.6238918736385836,0.6238918873477622
"Pe=1000, Da=1",0.47175,0.6235803168562406,0.62358033054564
"Pe=1000, Da=1",0.47225,0.6232689156579545,0.6232689293275908
"Pe=1000, Da=1",0.47275,0.62295766996603,0.6229576836159199
"Pe=1000, Da=1",0.47325,0.6226465797028109,0.6226465933329703
"Pe=1000, Da=1",0.47375,0.6223356447906799,0.6223356584011255
"Pe=1000, Da=1",0.47425,0.6220248651520585,0.6220248787428063
"Pe=1000, Da=1",0.47475,0.6217142407094065,0.621714254280473
"Pe=1000, Da=1",0.47525,0.6214037713852231,0.6214037849366243
"Pe=1000, Da=1",0.47575,0.6210934571020454,0.6210934706337978
"Pe=1000, Da=1",0.47625,0.6207832977824498,0.6207833112945694
"Pe=1000, Da=1",0.47675,0.6204732933490512,0.6204733068415546
"Pe=1000, Da=1",0.47725,0.620163443724503,0.6201634571974062
"Pe=1000, Da=1",0.47775,0.6198537488314976,0.6198537622848168
"Pe=1000, Da=1",0.47825,0.6195442085927654,0.6195442220265167
"Pe=1000, Da=1",0.47875,0.619234822931076,0.6192348363452757
"Pe=1000, Da=1",0.47925,0.6189255917692372,0.6189256051639014
"Pe=1000, Da=1",0.47975,0.6186165150300954,0.6186165284052405
"Pe=1000, Da=1",0.48025,0.6183075926365356,0.6183076059921775
"Pe=1000, Da=1",0.48075,0.6179988245114814,0.6179988378476361
"Pe=1000, Da=1",0.48125,0.6176902105778945,0.6176902238945785
"Pe=1000, Da=1",0.48175,0.6173817507587755,0.6173817640560048
"Pe=1000, Da=1",0.48225,0.6170734449771633,0.617073458254954
"Pe=1000, Da=1",0.48275,0.6167652931561353,0.6167653064145034
"Pe=1000, Da=1",0.48325,0.6164572952188071,0.6164573084577688
"Pe=1000, Da=1",0.48375,0.6161494510883329,0.6161494643079044
"Pe=1000, Da=1",0.48425,0.6158417606879052,0.6158417738881025
"Pe=1000, Da=1",0.48475,0.6155342239407549,0.6155342371215939
"Pe=1000, Da=1",0.48525,0.6152268407701512,0.615226853931648
"Pe=1000, Da=1",0.48575,0.6149196110994016,0.6149196242415723
"Pe=1000, Da=1",0.48625,0.614612534851852,0.6146125479747127
"Pe=1000, Da=1",0.48675,0.6143056119508863,0.6143056250544527
"Pe=1000, Da=1",0.48725,0.613998842319927,0.6139988554042154
"Pe=1000, Da=1",0.48775,0.6136922258824347,0.6136922389474609
"Pe=1000, Da=1",0.48825,0.6133857625619081,0.6133857756076883
"Pe=1000, Da=1",0.48875,0.6130794522818844,0.6130794653084344
"Pe=1000, Da=1",0.48925,0.6127732949659388,0.6127733079732746
"Pe=1000, Da=1",0.48975,0.6124672905376846,0.6124673035258219
"Pe=1000, Da=1",0.49025,0.6121614389207732,0.6121614518897283
"Pe=1000, Da=1",0.49075,0.6118557400388944,0.6118557529886831
"Pe=1000, Da=1",0.49125,0.611550193815776,0.6115502067464141
"Pe=1000, Da=1",0.49175,0.6112448001751839,0.6112448130866871
"Pe=1000, Da=1",0.49225,0.6109395590409217,0.6109395719333063
"Pe=1000, Da=1",0.49275,0.6106344703368314,0.6106344832101132
"Pe=1000, Da=1",0.49325,0.6103295339867932,0.6103295468409882
"Pe=1000, Da=1",0.49375,0.6100247499147252,0.6100247627498487
"Pe=1000, Da=1",0.49425,0.6097201180445831,0.6097201308606515
"Pe=1000, Da=1",0.49475,0.609415638300361,0.6094156510973898
"Pe=1000, Da=1",0.49525,0.6091113106060909,0.6091113233840961
"Pe=1000, Da=1",0.49575,0.6088071348858426,0.6088071476448399
"Pe=1000, Da=1",0.49625,0.6085031110637238,0.6085031238037291
"Pe=1000, Da=1",0.49675,0.6081992390638802,0.6081992517849093
"Pe=1000, Da=1",0.49725,0.6078955188104956,0.6078955315125641
"Pe=1000, Da=1",0.49775,0.6075919502277912,0.6075919629109149
"Pe=1000, Da=1",0.49825,0.6072885332400264,0.6072885459042211
"Pe=1000, Da=1",0.49875,0.6069852677714981,0.6069852804167795
"Pe=1000, Da=1",0.49925,0.6066821537465412,0.6066821663729253
"Pe=1000, Da=1",0.49975,0.6063791910895286,0.6063792036970307
"Pe=1000, Da=1",0.50025,0.6060763797248707,0.6060763923135066
"Pe=1000, Da=1",0.50075,0.6057737195770154,0.6057737321468012
"Pe=1000, Da=1",0.50125,0.605471210570449,0.6054712231214
"Pe=1000, Da=1",0.50175,0.6051688526296948,0.6051688651618268
"Pe=1000, Da=1",0.50225,0.6048666456793144,0.604866658192643
"Pe=1000, Da=1",0.50275,0.6045645896439066,0.6045646021384476
"Pe=1000, Da=1",0.50325,0.6042626844481082,0.6042626969238771
"Pe=1000, Da=1",0.50375,0.6039609300165933,0.6039609424736059
"Pe=1000, Da=1",0.50425,0.603659326274074,0.6036593387123457
"Pe=1000, Da=1",0.50475,0.6033578731452997,0.6033578855648463
"Pe=1000, Da=1",0.50525,0.6030565705550575,0.6030565829558944
"Pe=1000, Da=1",0.50575,0.6027554184281719,0.6027554308103148
"Pe=1000, Da=1",0.50625,0.6024544166895053,0.6024544290529698
"Pe=1000, Da=1",0.50675,0.6021535652639571,0.6021535776087587
"Pe=1000, Da=1",0.50725,0.6018528640764648,0.6018528764026191
"Pe=1000, Da=1",0.50775,0.6015523130520029,0.6015523253595254
"Pe=1000, Da=1",0.50825,0.6012519121155837,0.6012519244044898
"Pe=1000, Da=1",0.50875,0.6009516611922566,0.6009516734625622
"Pe=1000, Da=1",0.50925,0.6006515602071089,0.6006515724588293
"Pe=1000, Da=1",0.50975,0.6003516090852647,0.6003516213184154
"Pe=1000, Da=1",0.51025,0.600051807751886,0.6000518199664824
"Pe=1000, Da=1",0.51075,0.5997521561321719,0.5997521683282298
"Pe=1000, Da=1",0.51125,0.5994526541513592,0.5994526663288936
"Pe=1000, Da=1",0.51175,0.5991533017347215,0.5991533138937483
"Pe=1000, Da=1",0.51225,0.5988540988075702,0.5988541109481046
"Pe=1000, Da=1",0.51275,0.5985550452952537,0.5985550574173111
"Pe=1000, Da=1",0.51325,0.5982561411231578,0.5982561532267537
"Pe=1000, Da=1",0.51375,0.5979573862167056,0.5979573983018557
"Pe=1000, Da=1",0.51425,0.5976587805013572,0.5976587925680765
"Pe=1000, Da=1",0.51475,0.5973603239026103,0.5973603359509144
"Pe=1000, Da=1",0.51525,0.5970620163459996,0.5970620283759038
"Pe=1000, Da=1",0.51575,0.596763857757097,0.5967638697686167
"Pe=1000, Da=1",0.51625,0.5964658480615114,0.5964658600546621
"Pe=1000, Da=1",0.51675,0.5961679871848892,0.596167999159686
"Pe=1000, Da=1",0.51725,0.5958702750529137,0.5958702870093721
"Pe=1000, Da=1",0.51775,0.5955727115913053,0.5955727235294404
"Pe=1000, Da=1",0.51825,0.5952752967258215,0.5952753086456489
"Pe=1000, Da=1",0.51875,0.5949780303822572,0.594978042283792
"Pe=1000, Da=1",0.51925,0.5946809124864436,0.5946809243697013
"Pe=1000, Da=1",0.51975,0.5943839429642498,0.5943839548292458
"Pe=1000, Da=1",0.52025,0.5940871217415815,0.5940871335883309
"Pe=1000, Da=1",0.52075,0.5937904487443815,0.5937904605728992
"Pe=1000, Da=1",0.52125,0.5934939238986293,0.593493935708931
"Pe=1000, Da=1",0.52175,0.5931975471303417,0.5931975589224424
"Pe=1000, Da=1",0.52225,0.5929013183655722,0.5929013301394874
"Pe=1000, Da=1",0.52275,0.5926052375304116,0.5926052492861563
"Pe=1000, Da=1",0.52325,0.5923093045509872,0.5923093162885769
"Pe=1000, Da=1",0.52375,0.5920135193534635,0.592013531072913
"Pe=1000, Da=1",0.52425,0.5917178818640414,0.5917178935653662
"Pe=1000, Da=1",0.52475,0.5914223920089594,0.5914224036921746
"Pe=1000, Da=1",0.52525,0.5911270497144923,0.591127061379613
"Pe=1000, Da=1",0.52575,0.5908318549069517,0.5908318665539931
"Pe=1000, Da=1",0.52625,0.5905368075126861,0.5905368191416634
"Pe=1000, Da=1",0.52675,0.5902419074580809,0.5902419190690091
"Pe=1000, Da=1",0.52725,0.5899471546695583,0.5899471662624527
"Pe=1000, Da=1",0.52775,0.589652549073577,0.5896525606484527
"Pe=1000, Da=1",0.52825,0.5893580905966326,0.5893581021535045
"Pe=1000, Da=1",0.52875,0.5890637791652572,0.5890637907041404
"Pe=1000, Da=1",0.52925,0.5887696147060199,0.5887696262269297
"Pe=1000, Da=1",0.52975,0.5884755971455261,0.5884756086484777
"Pe=1000, Da=1",0.53025,0.5881817264104183,0.5881817378954264
"Pe=1000, Da=1",0.53075,0.5878880024273753,0.587888013894455
"Pe=1000, Da=1",0.53125,0.5875944251231126,0.5875944365722789
"Pe=1000, Da=1",0.5317500000000001,0.5873009944243821,0.5873010058556505
"Pe=1000, Da=1",0.53225,0.5870077102579728,0.5870077216713578
"Pe=1000, Da=1",0.5327500000000001,0.5867145725507098,0.5867145839462267
"Pe=1000, Da=1",0.53325,0.5864215812294549,0.5864215926071186
"Pe=1000, Da=1",0.5337500000000001,0.5861287362211063,0.5861287475809318
"Pe=1000, Da=1",0.53425,0.5858360374525989,0.5858360487946012
"Pe=1000, Da=1",0.5347500000000001,0.5855434848509041,0.5855434961750979
"Pe=1000, Da=1",0.53525,0.5852510783430296,0.5852510896494302
"Pe=1000, Da=1",0.5357500000000001,0.5849588178560194,0.5849588291446416
"Pe=1000, Da=1",0.53625,0.5846667033169545,0.5846667145878133
"Pe=1000, Da=1",0.5367500000000001,0.5843747346529516,0.5843747459060619
"Pe=1000, Da=1",0.53725,0.5840829117911644,0.5840829230265412
"Pe=1000, Da=1",0.5377500000000001,0.5837912346587827,0.5837912458764409
"Pe=1000, Da=1",0.53825,0.5834997031830327,0.5834997143829872
"Pe=1000, Da=1",0.5387500000000001,0.5832083172911771,0.5832083284734424
"Pe=1000, Da=1",0.53925,0.5829170769105144,0.5829170880751058
"Pe=1000, Da=1",0.5397500000000001,0.58262598196838,0.5826259931153122
"Pe=1000, Da=1",0.54025,0.5823350323921452,0.5823350435214332
"Pe=1000, Da=1",0.5407500000000001,0.582044228109218,0.5820442392208762
"Pe=1000, Da=1",0.54125,0.5817535690470421,0.5817535801410858
"Pe=1000, Da=1",0.5417500000000001,0.5814630551330977,0.5814630662095418
"Pe=1000, Da=1",0.54225,0.5811726862949015,0.5811726973537604
"Pe=1000, Da=1",0.5427500000000001,0.5808824624600059,0.5808824735012945
"Pe=1000, Da=1",0.54325,0.5805923835559996,0.580592394579733
"Pe=1000, Da=1",0.5437500000000001,0.5803024495105079,0.5803024605167006
"Pe=1000, Da=1",0.54425,0.5800126602511916,0.5800126712398583
"Pe=1000, Da=1",0.54475,0.579723015705748,0.5797230266769037
"Pe=1000, Da=1",0.54525,0.5794335158019104,0.5794335267555698
"Pe=1000, Da=1",0.54575,0.5791441604674483,0.5791441714036261
"Pe=1000, Da=1",0.54625,0.5788549496301671,0.5788549605488781
"Pe=1000, Da=1",0.54675,0.5785658832179085,0.5785658941191671
"Pe=1000, Da=1",0.54725,0.57827696115855,0.5782769720423713
"Pe=1000, Da=1",0.54775,0.577988183380005,0.5779881942464035
"Pe=1000, Da=1",0.54825,0.5776995498102233,0.5776995606592138
"Pe=1000, Da=1",0.54875,0.5774110603771904,0.5774110712087874
"Pe=1000, Da=1",0.54925,0.5771227150089279,0.5771227258231462
"Pe=1000, Da=1",0.54975,0.5768345136334931,0.5768345244303474
"Pe=1000, Da=1",0.55025,0.5765464561789796,0.5765464669584845
"Pe=1000, Da=1",0.55075,0.5762585425735166,0.5762585533356868
"Pe=1000, Da=1",0.55125,0.5759707727452694,0.5759707834901195
"Pe=1000, Da=1",0.55175,0.5756831466224391,0.5756831573499835
"Pe=1000, Da=1",0.55225,0.5753956641332624,0.5753956748435158
"Pe=1000, Da=1",0.55275,0.5751083252060121,0.5751083358989892
"Pe=1000, Da=1",0.55325,0.5748211297689969,0.5748211404447124
"Pe=1000, Da=1",0.55375,0.5745340777505614,0.5745340884090295
"Pe=1000, Da=1",0.55425,0.5742471690790855,0.5742471797203209
"Pe=1000, Da=1",0.55475,0.5739604036829851,0.5739604143070024
"Pe=1000, Da=1",0.55525,0.5736737814907119,0.5736737920975257
"Pe=1000, Da=1",0.55575,0.5733873024307534,0.5733873130203783
"Pe=1000, Da=1",0.55625,0.5731009664316327,0.5731009770040831
"Pe=1000, Da=1",0.55675,0.5728147734219086,0.572814783977199
"Pe=1000, Da=1",0.55725,0.5725287233301756,0.5725287338683205
"Pe=1000, Da=1",0.55775,0.5722428160850638,0.5722428266060777
"Pe=1000, Da=1",0.55825,0.5719570516152391,0.5719570621191364
"Pe=1000, Da=1",0.55875,0.5716714298494028,0.5716714403361981
"Pe=1000, Da=1",0.55925,0.571385950716292,0.5713859611859998
"Pe=1000, Da=1",0.55975,0.5711006141446792,0.5711006245973139
"Pe=1000, Da=1",0.56025,0.5708154200633726,0.5708154304989486
"Pe=1000, Da=1",0.56075,0.570530368401216,0.5705303788197478
"Pe=1000, Da=1",0.56125,0.5702454590870887,0.5702454694885907
"Pe=1000, Da=1",0.56175,0.5699606920499053,0.569960702434392
"Pe=1000, Da=1",0.56225,0.5696760672186163,0.569676077586102
"Pe=1000, Da=1",0.56275,0.5693915845222072,0.5693915948727063
"Pe=1000, Da=1",0.56325,0.5691072438896995,0.5691072542232263
"Pe=1000, Da=1",0.56375,0.5688230452501495,0.5688230555667184
"Pe=1000, Da=1",0.56425,0.5685389885326496,0.5685389988322751
"Pe=1000, Da=1",0.56475,0.5682550736663273,0.5682550839490235
"Pe=1000, Da=1",0.56525,0.5679713005803453,0.5679713108461268
"Pe=1000, Da=1",0.56575,0.5676876692039021,0.567687679452783
"Pe=1000, Da=1",0.56625,0.567404179466231,0.5674041896982257
"Pe=1000, Da=1",0.56675,0.5671208312966012,0.567120841511724
"Pe=1000, Da=1",0.56725,0.5668376246243169,0.5668376348225822
"Pe=1000, Da=1",0.56775,0.5665545593787177,0.5665545695601397
"Pe=1000, Da=1",0.56825,0.5662716354891784,0.5662716456537715
"Pe=1000, Da=1",0.56875,0.5659888528851094,0.5659888630328876
"Pe=1000, Da=1",0.56925,0.5657062114959558,0.5657062216269336
"Pe=1000, Da=1",0.56975,0.5654237112511984,0.5654237213653901
"Pe=1000, Da=1",0.57025,0.5651413520803529,0.5651413621777726
"Pe=1000, Da=1",0.57075,0.5648591339129705,0.5648591439936325
"Pe=1000, Da=1",0.57125,0.5645770566786373,0.5645770667425557
"Pe=1000, Da=1",0.57175,0.5642951203069748,0.5642951303541638
"Pe=1000, Da=1",0.57225,0.5640133247276394,0.5640133347581133
"Pe=1000, Da=1",0.57275,0.5637316698703227,0.5637316798840958
"Pe=1000, Da=1",0.57325,0.5634501556647518,0.563450165661838
"Pe=1000, Da=1",0.57375,0.5631687820406881,0.5631687920211018
"Pe=1000, Da=1",0.57425,0.5628875489279289,0.5628875588916842
"Pe=1000, Da=1",0.57475,0.562606456256306,0.562606466203417
"Pe=1000, Da=1",0.57525,0.5623255039556866,0.5623255138861675
"Pe=1000, Da=1",0.57575,0.5620446919559725,0.5620447018698375
"Pe=1000, Da=1",0.57625,0.561764020187101,0.5617640300843639
"Pe=1000, Da=1",0.57675,0.5614834885790441,0.5614834984597192
"Pe=1000, Da=1",0.57725,0.5612030970618087,0.5612031069259102
"Pe=1000, Da=1",0.57775,0.5609228455654368,0.5609228554129787
"Pe=1000, Da=1",0.57825,0.5606427340200053,0.560642743851002
"Pe=1000, Da=1",0.57875,0.5603627623556263,0.5603627721700912
"Pe=1000, Da=1",0.57925,0.5600829305024463,0.5600829403003936
"Pe=1000, Da=1",0.57975,0.5598032383906467,0.5598032481720909
"Pe=1000, Da=1",0.58025,0.5595236859504443,0.5595236957153992
"Pe=1000, Da=1",0.58075,0.5592442731120902,0.55924428286057
"Pe=1000, Da=1",0.58125,0.5589649998058708,0.5589650095378892
"Pe=1000, Da=1",0.58175,0.5586858659621069,0.5586858756776781
"Pe=1000, Da=1",0.58225,0.5584068715111543,0.5584068812102921
"Pe=1000, Da=1",0.58275,0.5581280163834035,0.5581280260661221
"Pe=1000, Da=1",0.58325,0.5578493005092798,0.5578493101755931
"Pe=1000, Da=1",0.58375,0.5575707238192433,0.5575707334691654
"Pe=1000, Da=1",0.58425,0.5572922862437888,0.5572922958773336
"Pe=1000, Da=1",0.58475,0.5570139877134457,0.5570139973306271
"Pe=1000, Da=1",0.58525,0.5567358281587781,0.5567358377596101
"Pe=1000, Da=1",0.58575,0.556457807510385,0.5564578170948815
"Pe=1000, Da=1",0.58625,0.5561799256989,0.5561799352670748
"Pe=1000, Da=1",0.58675,0.555902182654991,0.5559021922068581
"Pe=1000, Da=1",0.58725,0.555624578309361,0.5556245878449342
"Pe=1000, Da=1",0.58775,0.5553471125927472,0.5553471221120404
"Pe=1000, Da=1",0.58825,0.5550697854359216,0.5550697949389488
"Pe=1000, Da=1",0.58875,0.5547925967696906,0.5547926062564658
"Pe=1000, Da=1",0.58925,0.5545155465248955,0.5545155559954325
"Pe=1000, Da=1",0.58975,0.5542386346324119,0.5542386440867244
"Pe=1000, Da=1",0.59025,0.5539618610231499,0.5539618704612518
"Pe=1000, Da=1",0.59075,0.5536852256280541,0.5536852350499591
"Pe=1000, Da=1",0.59125,0.5534087283781037,0.5534087377838258
"Pe=1000, Da=1",0.59175,0.5531323692043122,0.5531323785938653
"Pe=1000, Da=1",0.59225,0.5528561480377278,0.5528561574111256
"Pe=1000, Da=1",0.59275,0.5525800648094328,0.5525800741666892
"Pe=1000, Da=1",0.59325,0.5523041194505441,0.5523041287916729
"Pe=1000, Da=1",0.59375,0.5520283118922134,0.552028321217228
"Pe=1000, Da=1",0.5942500000000001,0.5517526420656259,0.5517526513745402
"Pe=1000, Da=1",0.59475,0.5514771099020017,0.5514771191948296
"Pe=1000, Da=1",0.5952500000000001,0.5512017153325953,0.5512017246093507
"Pe=1000, Da=1",0.59575,0.5509264582886955,0.5509264675493917
"Pe=1000, Da=1",0.5962500000000001,0.5506513387016251,0.5506513479462762
"Pe=1000, Da=1",0.59675,0.5503763565027416,0.5503763657313613
"Pe=1000, Da=1",0.5972500000000001,0.5501015116234366,0.5501015208360382
"Pe=1000, Da=1",0.59775,0.5498268039951358,0.5498268131917334
"Pe=1000, Da=1",0.5982500000000001,0.5495522335492996,0.5495522427299067
"Pe=1000, Da=1",0.59875,0.5492778002174221,0.5492778093820524
"Pe=1000, Da=1",0.5992500000000001,0.5490035039310318,0.549003513079699
"Pe=1000, Da=1",0.59975,0.5487293446216915,0.5487293537544095
"Pe=1000, Da=1",0.6002500000000001,0.5484553222209982,0.5484553313377803
"Pe=1000, Da=1",0.60075,0.5481814366605829,0.5481814457614431
"Pe=1000, Da=1",0.6012500000000001,0.5479076878721109,0.5479076969570624
"Pe=1000, Da=1",0.60175,0.5476340757872815,0.5476340848563381
"Pe=1000, Da=1",0.6022500000000001,0.5473606003378283,0.5473606093910036
"Pe=1000, Da=1",0.60275,0.5470872614555184,0.5470872704928261
"Pe=1000, Da=1",0.6032500000000001,0.5468140590721539,0.5468140680936073
"Pe=1000, Da=1",0.60375,0.5465409931195702,0.5465410021251831
"Pe=1000, Da=1",0.6042500000000001,0.546268063529637,0.5462680725194231
"Pe=1000, Da=1",0.60475,0.5459952702342581,0.5459952792082308
"Pe=1000, Da=1",0.6052500000000001,0.5457226131653712,0.5457226221235439
"Pe=1000, Da=1",0.60575,0.5454500922549481,0.5454501011973347
"Pe=1000, Da=1",0.6062500000000001,0.5451777074349945,0.5451777163616083
"Pe=1000, Da=1",0.60675,0.5449054586375499,0.5449054675484045
"Pe=1000, Da=1",0.6072500000000001,0.544633345794688,0.5446333546897969
"Pe=1000, Da=1",0.60775,0.5443613688385165,0.5443613777178933
"Pe=1000, Da=1",0.60825,0.5440895277011765,0.5440895365648345
"Pe=1000, Da=1",0.60875,0.5438178223148433,0.543817831162796
"Pe=1000, Da=1",0.60925,0.5435462526117263,0.5435462614439872
"Pe=1000, Da=1",0.60975,0.5432748185240683,0.5432748273406511
"Pe=1000, Da=1",0.61025,0.5430035199841465,0.5430035287850644
"Pe=1000, Da=1",0.61075,0.5427323569242714,0.5427323657095379
"Pe=1000, Da=1",0.61125,0.5424613292767873,0.5424613380464157
"Pe=1000, Da=1",0.61175,0.5421904369740727,0.5421904457280766
"Pe=1000, Da=1",0.61225,0.5419196799485394,0.5419196886869322
"Pe=1000, Da=1",0.61275,0.5416490581326334,0.5416490668554286
"Pe=1000, Da=1",0.61325,0.5413785714588342,0.541378580166045
"Pe=1000, Da=1",0.61375,0.5411082198596548,0.5411082285512949
"Pe=1000, Da=1",0.61425,0.5408380032676426,0.5408380119437252
"Pe=1000, Da=1",0.61475,0.5405679216153779,0.5405679302759163
"Pe=1000, Da=1",0.61525,0.5402979748354751,0.5402979834804825
"Pe=1000, Da=1",0.61575,0.5400281628605821,0.5400281714900722
"Pe=1000, Da=1",0.61625,0.5397584856233805,0.5397584942373665
"Pe=1000, Da=1",0.61675,0.5394889430565855,0.5394889516550807
"Pe=1000, Da=1",0.61725,0.5392195350929458,0.5392195436759636
"Pe=1000, Da=1",0.61775,0.538950261665244,0.5389502702327976
"Pe=1000, Da=1",0.61825,0.5386811227062959,0.5386811312583988
"Pe=1000, Da=1",0.61875,0.5384121181489511,0.5384121266856162
"Pe=1000, Da=1",0.61925,0.5381432479260925,0.5381432564473333
"Pe=1000, Da=1",0.61975,0.5378745119706365,0.5378745204764664
"Pe=1000, Da=1",0.62025,0.5376059102155335,0.5376059187059659
"Pe=1000, Da=1",0.62075,0.5373374425937668,0.5373374510688147
"Pe=1000, Da=1",0.62125,0.5370691090383536,0.5370691174980302
"Pe=1000, Da=1",0.62175,0.5368009094823442,0.5368009179266628
"Pe=1000, Da=1",0.62225,0.5365328438588225,0.5365328522877965
"Pe=1000, Da=1",0.62275,0.5362649121009058,0.5362649205145482
"Pe=1000, Da=1",0.62325,0.5359971141417448,0.5359971225400688
"Pe=1000, Da=1",0.62375,0.5357294499145235,0.5357294582975425
"Pe=1000, Da=1",0.62425,0.5354619193524595,0.5354619277201865
"Pe=1000, Da=1",0.62475,0.5351945223888035,0.5351945307412518
"Pe=1000, Da=1",0.62525,0.5349272589568397,0.5349272672940224
"Pe=1000, Da=1",0.62575,0.5346601289898855,0.5346601373118158
"Pe=1000, Da=1",0.62625,0.5343931324212916,0.5343931407279827
"Pe=1000, Da=1",0.62675,0.5341262691844421,0.5341262774759071
"Pe=1000, Da=1",0.62725,0.5338595392127542,0.5338595474890062
"Pe=1000, Da=1",0.62775,0.5335929424396786,0.5335929507007308
"Pe=1000, Da=1",0.62825,0.5333264787986989,0.5333264870445643
"Pe=1000, Da=1",0.62875,0.5330601482233321,0.5330601564540239
"Pe=1000, Da=1",0.62925,0.5327939506471285,0.5327939588626599
"Pe=1000, Da=1",0.62975,0.5325278860036715,0.5325278942040556
"Pe=1000, Da=1",0.63025,0.5322619542265776,0.5322619624118272
"Pe=1000, Da=1",0.63075,0.5319961552494965,0.5319961634196249
"Pe=1000, Da=1",0.63125,0.531730489006111,0.5317304971611311
"Pe=1000, Da=1",0.63175,0.5314649554301369,0.5314649635700619
"Pe=1000, Da=1",0.63225,0.5311995544553236,0.5311995625801664
"Pe=1000, Da=1",0.63275,0.530934286015453,0.5309342941252267
"Pe=1000, Da=1",0.63325,0.5306691500443403,0.5306691581390579
"Pe=1000, Da=1",0.63375,0.5304041464758338,0.5304041545555084
"Pe=1000, Da=1",0.63425,0.5301392752438147,0.5301392833084593
"Pe=1000, Da=1",0.63475,0.5298745362821974,0.5298745443318249
"Pe=1000, Da=1",0.63525,0.5296099295249291,0.5296099375595525
"Pe=1000, Da=1",0.63575,0.5293454549059903,0.5293454629256226
"Pe=1000, Da=1",0.63625,0.5290811123593939,0.5290811203640483
"Pe=1000, Da=1",0.63675,0.5288169018191865,0.5288169098088757
"Pe=1000, Da=1",0.63725,0.528552823219447,0.528552831194184
"Pe=1000, Da=1",0.63775,0.5282888764942875,0.5282888844540853
"Pe=1000, Da=1",0.63825,0.528025061577853,0.5280250695227244
"Pe=1000, Da=1",0.63875,0.5277613784043214,0.5277613863342794
"Pe=1000, Da=1",0.63925,0.5274978269079033,0.5274978348229609
"Pe=1000, Da=1",0.63975,0.5272344070228424,0.5272344149230125
"Pe=1000, Da=1",0.64025,0.5269711186834151,0.5269711265687105
"Pe=1000, Da=1",0.64075,0.5267079618239305,0.5267079696943642
"Pe=1000, Da=1",0.64125,0.5264449363787308,0.5264449442343155
"Pe=1000, Da=1",0.64175,0.5261820422821908,0.5261820501229395
"Pe=1000, Da=1",0.64225,0.5259192794687181,0.5259192872946435
"Pe=1000, Da=1",0.64275,0.525656647872753,0.5256566556838682
"Pe=1000, Da=1",0.64325,0.5253941474287687,0.5253941552250863
"Pe=1000, Da=1",0.64375,0.5251317780712709,0.5251317858528036
"Pe=1000, Da=1",0.64425,0.524869539734798,0.524869547501559
"Pe=1000, Da=1",0.64475,0.5246074323539215,0.5246074401059234
"Pe=1000, Da=1",0.64525,0.5243454558632451,0.5243454636005007
"Pe=1000, Da=1",0.64575,0.5240836101974053,0.5240836179199276
"Pe=1000, Da=1",0.64625,0.5238218952910716,0.5238219029988732
"Pe=1000, Da=1",0.64675,0.5235603110789454,0.5235603187720391
"Pe=1000, Da=1",0.64725,0.5232988574957613,0.52329886517416
"Pe=1000, Da=1",0.64775,0.5230375344762864,0.5230375421400026
"Pe=1000, Da=1",0.64825,0.5227763419553203,0.5227763496043669
"Pe=1000, Da=1",0.64875,0.5225152798676949,0.5225152875020848
"Pe=1000, Da=1",0.64925,0.5222543481482751,0.5222543557680208
"Pe=1000, Da=1",0.64975,0.521993546731958,0.5219935543370723
"Pe=1000, Da=1",0.65025,0.5217328755536734,0.521732883144169
"Pe=1000, Da=1",0.65075,0.5214723345483835,0.521472342124273
"Pe=1000, Da=1",0.65125,0.5212119236510829,0.5212119312123792
"Pe=1000, Da=1",0.65175,0.520951642796799,0.5209516503435145
"Pe=1000, Da=1",0.65225,0.5206914919205913,0.5206914994527388
"Pe=1000, Da=1",0.65275,0.5204314709575516,0.5204314784751439
"Pe=1000, Da=1",0.65325,0.5201715798428046,0.5201715873458543
"Pe=1000, Da=1",0.65375,0.519911818511507,0.5199118260000268
"Pe=1000, Da=1",0.65425,0.5196521868988483,0.5196521943728508
"Pe=1000, Da=1",0.65475,0.51939268494005,0.5193926923995478
"Pe=1000, Da=1",0.65525,0.5191333125703658,0.5191333200153714
"Pe=1000, Da=1",0.65575,0.5188740697250821,0.5188740771556082
"Pe=1000, Da=1",0.65625,0.5186149563395175,0.5186149637555768
"Pe=1000, Da=1",0.6567500000000001,0.518355972349023,0.518355979750628
"Pe=1000, Da=1",0.65725,0.5180971176889816,0.518097125076145
"Pe=1000, Da=1",0.6577500000000001,0.5178383922948089,0.5178383996675432
"Pe=1000, Da=1",0.65825,0.5175797961019524,0.5175798034602702
"Pe=1000, Da=1",0.6587500000000001,0.5173213290458922,0.5173213363898062
"Pe=1000, Da=1",0.65925,0.5170629910621405,0.517062998391663
"Pe=1000, Da=1",0.6597500000000001,0.5168047820862416,0.5168047894013852
"Pe=1000, Da=1",0.66025,0.516546702053772,0.516546709354549
"Pe=1000, Da=1",0.6607500000000001,0.5162887509003403,0.5162887581867637
"Pe=1000, Da=1",0.66125,0.5160309285615876,0.5160309358336695
"Pe=1000, Da=1",0.6617500000000001,0.5157732349731866,0.51577324223094
"Pe=1000, Da=1",0.66225,0.5155156700708428,0.5155156773142798
"Pe=1000, Da=1",0.6627500000000001,0.5152582337902932,0.5152582410194265
"Pe=1000, Da=1",0.66325,0.5150009260673073,0.5150009332821492
"Pe=1000, Da=1",0.6637500000000001,0.5147437468376863,0.5147437540382493
"Pe=1000, Da=1",0.66425,0.5144866960372639,0.5144867032235605
"Pe=1000, Da=1",0.6647500000000001,0.5142297736019055,0.5142297807739481
"Pe=1000, Da=1",0.66525,0.5139729794675084,0.5139729866253097
"Pe=1000, Da=1",0.6657500000000001,0.5137163135700026,0.5137163207135746
"Pe=1000, Da=1",0.66625,0.5134597758453492,0.5134597829747047
"Pe=1000, Da=1",0.6667500000000001,0.513203366229542,0.5132033733446933
"Pe=1000, Da=1",0.66725,0.5129470846586065,0.5129470917595661
"Pe=1000, Da=1",0.6677500000000001,0.5126909310686,0.5126909381553801
"Pe=1000, Da=1",0.66825,0.5124349053956119,0.512434912468225
"Pe=1000, Da=1",0.6687500000000001,0.5121790075757635,0.512179014634222
"Pe=1000, Da=1",0.66925,0.511923237545208,0.5119232445895242
"Pe=1000, Da=1",0.6697500000000001,0.5116675952401303,0.5116676022703167
"Pe=1000, Da=1",0.67025,0.5114120805967476,0.5114120876128165
"Pe=1000, Da=1",0.6707500000000001,0.5111566935513085,0.5111567005532722
"Pe=1000, Da=1",0.67125,0.5109014340400937,0.5109014410279645
"Pe=1000, Da=1",0.6717500000000001,0.5106463019994155,0.5106463089732058
"Pe=1000, Da=1",0.67225,0.5103912973656184,0.5103913043253405
"Pe=1000, Da=1",0.67275,0.5101364200750782,0.5101364270207445
"Pe=1000, Da=1",0.67325,0.5098816700642028,0.5098816769958254
"Pe=1000, Da=1",0.67375,0.5096270472694318,0.5096270541870229
"Pe=1000, Da=1",0.67425,0.5093725516272363,0.5093725585308085
"Pe=1000, Da=1",0.67475,0.5091181830741195,0.5091181899636851
"Pe=1000, Da=1",0.67525,0.5088639415466161,0.5088639484221872
"Pe=1000, Da=1",0.67575,0.5086098269812925,0.5086098338428814
"Pe=1000, Da=1",0.67625,0.5083558393147468,0.5083558461623657
"Pe=1000, Da=1",0.67675,0.5081019784836088,0.5081019853172701
"Pe=1000, Da=1",0.67725,0.5078482444245399,0.5078482512442557
"Pe=1000, Da=1",0.67775,0.5075946370742332,0.5075946438800156
"Pe=1000, Da=1",0.67825,0.5073411563694132,0.5073411631612746
"Pe=1000, Da=1",0.67875,0.5070878022468363,0.5070878090247889
"Pe=1000, Da=1",0.67925,0.5068345746432902,0.5068345814073462
"Pe=1000, Da=1",0.67975,0.5065814734955945,0.506581480245766
"Pe=1000, Da=1",0.68025,0.5063284987405999,0.5063285054768992
"Pe=1000, Da=1",0.68075,0.5060756503151891,0.5060756570376282
"Pe=1000, Da=1",0.68125,0.5058229281562759,0.5058229348648672
"Pe=1000, Da=1",0.68175,0.505570332200806,0.5055703388955615
"Pe=1000, Da=1",0.68225,0.5053178623857564,0.5053178690666883
"Pe=1000, Da=1",0.68275,0.5050655186481354,0.5050655253152558
"Pe=1000, Da=1",0.68325,0.5048133009249831,0.5048133075783041
"Pe=1000, Da=1",0.68375,0.5045612091533709,0.5045612157929045
"Pe=1000, Da=1",0.68425,0.5043092432704014,0.5043092498961599
"Pe=1000, Da=1",0.68475,0.5040574032132088,0.5040574098252043
"Pe=1000, Da=1",0.68525,0.5038056889189588,0.5038056955172033
"Pe=1000, Da=1",0.68575,0.5035541003248484,0.5035541069093541
"Pe=1000, Da=1",0.68625,0.5033026373681059,0.5033026439388848
"Pe=1000, Da=1",0.68675,0.5030512999859909,0.5030513065430552
"Pe=1000, Da=1",0.68725,0.5028000881157945,0.5028000946591561
"Pe=1000, Da=1",0.68775,0.5025490016948391,0.5025490082245101
"Pe=1000, Da=1",0.68825,0.5022980406604782,0.5022980471764708
"Pe=1000, Da=1",0.68875,0.5020472049500968,0.5020472114524227
"Pe=1000, Da=1",0.68925,0.5017964945011111,0.5017965009897826
"Pe=1000, Da=1",0.68975,0.5015459092509684,0.5015459157259973
"Pe=1000, Da=1",0.69025,0.5012954491371475,0.5012954555985459
"Pe=1000, Da=1",0.69075,0.5010451140971582,0.5010451205449381
"Pe=1000, Da=1",0.69125,0.5007949040685417,0.5007949105027151
"Pe=1000, Da=1",0.69175,0.5005448189888702,0.5005448254094491
"Pe=1000, Da=1",0.69225,0.5002948587957471,0.5002948652027435
"Pe=1000, Da=1",0.69275,0.5000450234268071,0.5000450298202331
"Pe=1000, Da=1",0.69325,0.49979531281971606,0.4997953191995835
"Pe=1000, Da=1",0.69375,0.4995457269121708,0.4995457332784915
"Pe=1000, Da=1",0.69425,0.49929626564189944,0.4992962719946854
"Pe=1000, Da=1",0.69475,0.4990469289466609,0.49904693528592403
"Pe=1000, Da=1",0.69525,0.4987977167642455,0.4987977230899977
"Pe=1000, Da=1",0.69575,0.4985486290324744,0.49854863534472765
"Pe=1000, Da=1",0.69625,0.4982996656892,0.4982996719879662
"Pe=1000, Da=1",0.69675,0.4980508266723055,0.49805083295759656
"Pe=1000, Da=1",0.69725,0.49780211191970536,0.4978021181915332
"Pe=1000, Da=1",0.69775,0.497553521369345,0.4975535276277213
"Pe=1000, Da=1",0.69825,0.49730505495920063,0.4973050612041375
"Pe=1000, Da=1",0.69875,0.4970567126272797,0.4970567188587889
"Pe=1000, Da=1",0.69925,0.4968084943116204,0.49680850052971365
"Pe=1000, Da=1",0.69975,0.49656039995029194,0.49656040615498137
"Pe=1000, Da=1",0.70025,0.4963124294813946,0.49631243567269184
"Pe=1000, Da=1",0.70075,0.4960645828430593,0.49606458902097633
"Pe=1000, Da=1",0.70125,0.49581685997344815,0.4958168661379966
"Pe=1000, Da=1",0.70175,0.4955692608107539,0.4955692669619456
"Pe=1000, Da=1",0.70225,0.4953217852932002,0.4953217914310471
"Pe=1000, Da=1",0.70275,0.4950744333590417,0.4950744394835555
"Pe=1000, Da=1",0.70325,0.49482720494656374,0.4948272110577562
"Pe=1000, Da=1",0.70375,0.49458009999408253,0.4945801060919655
"Pe=1000, Da=1",0.70425,0.4943331184399451,0.49433312452453027
"Pe=1000, Da=1",0.70475,0.4940862602225292,0.4940862662938284
"Pe=1000, Da=1",0.70525,0.4938395252802435,0.4938395313382684
"Pe=1000, Da=1",0.70575,0.49359291355152723,0.4935929195962896
"Pe=1000, Da=1",0.70625,0.4933464249748505,0.49334643100636216
"Pe=1000, Da=1",0.70675,0.49310005948871405,0.4931000655069867
"Pe=1000, Da=1",0.70725,0.4928538170316495,0.4928538230366948
"Pe=1000, Da=1",0.70775,0.492607697542219,0.4926077035340487
"Pe=1000, Da=1",0.70825,0.49236170095901544,0.49236170693764114
"Pe=1000, Da=1",0.70875,0.4921158272206622,0.4921158331860958
"Pe=1000, Da=1",0.70925,0.49187007626581375,0.4918700822180668
"Pe=1000, Da=1",0.70975,0.4916244480331548,0.49162445397223903
"Pe=1000, Da=1",0.71025,0.49137894246140085,0.4913789483873278
"Pe=1000, Da=1",0.71075,0.4911335594892979,0.4911335654020793
"Pe=1000, Da=1",0.71125,0.4908882990556226,0.49088830495527025
"Pe=1000, Da=1",0.71175,0.4906431610991821,0.49064316698570754
"Pe=1000, Da=1",0.71225,0.4903981455588144,0.4903981514322292
"Pe=1000, Da=1",0.71275,0.49015325237338764,0.4901532582337034
"Pe=1000, Da=1",0.71325,0.4899084814818007,0.48990848732902925
"Pe=1000, Da=1",0.71375,0.4896638328229829,0.4896638386571357
"Pe=1000, Da=1",0.71425,0.48941930633589426,0.48941931215698287
"Pe=1000, Da=1",0.71475,0.48917490195952495,0.48917490776756106
"Pe=1000, Da=1",0.71525,0.48893061963289586,0.48893062542789106
"Pe=1000, Da=1",0.71575,0.4886864592950583,0.488686465077024
"Pe=1000, Da=1",0.71625,0.4884424208850938,0.4884424266540418
"Pe=1000, Da=1",0.71675,0.48819850434211454,0.4881985100980563
"Pe=1000, Da=1",0.71725,0.4879547096052631,0.4879547153482102
"Pe=1000, Da=1",0.71775,0.4877110366137124,0.48771104234367646
"Pe=1000, Da=1",0.71825,0.4874674853066658,0.48746749102365805
"Pe=1000, Da=1",0.71875,0.4872240556233568,0.487224061327389
"Pe=1000, Da=1",0.7192500000000001,0.4869807475030494,0.486980753194133
"Pe=1000, Da=1",0.71975,0.486737560885038,0.4867375665631844
"Pe=1000, Da=1",0.7202500000000001,0.4864944957086472,0.48649450137386807
"Pe=1000, Da=1",0.72075,0.48625155191323194,0.4862515575655388
"Pe=1000, Da=1",0.7212500000000001,0.4860087294381774,0.48600873507758163
"Pe=1000, Da=1",0.72175,0.4857660282228991,0.4857660338494122
"Pe=1000, Da=1",0.7222500000000001,0.4855234482068428,0.48552345382047624
"Pe=1000, Da=1",0.72275,0.4852809893294846,0.4852809949302499
"Pe=1000, Da=1",0.7232500000000001,0.48503865153033054,0.48503865711823907
"Pe=1000, Da=1",0.72375,0.48479643474891715,0.4847964403239804
"Pe=1000, Da=1",0.7242500000000001,0.484554338924811,0.4845543444870404
"Pe=1000, Da=1",0.72475,0.4843123639976089,0.48431236954701584
"Pe=1000, Da=1",0.7252500000000001,0.4840705099069378,0.4840705154435337
"Pe=1000, Da=1",0.72575,0.4838287765924547,0.483828782116251
"Pe=1000, Da=1",0.7262500000000001,0.48358716399384705,0.4835871695048551
"Pe=1000, Da=1",0.72675,0.48334567205083206,0.4833456775490634
"Pe=1000, Da=1",0.7272500000000001,0.4831043007031572,0.4831043061886231
"Pe=1000, Da=1",0.72775,0.4828630498906001,0.482863055363312
"Pe=1000, Da=1",0.7282500000000001,0.4826219195529683,0.4826219250129375
"Pe=1000, Da=1",0.72875,0.48238090963009955,0.48238091507733755
"Pe=1000, Da=1",0.7292500000000001,0.4821400200618616,0.4821400254963796
"Pe=1000, Da=1",0.72975,0.4818992507881521,0.4818992562099615
"Pe=1000, Da=1",0.7302500000000001,0.4816586017488989,0.481658607158011
"Pe=1000, Da=1",0.73075,0.4814180728840597,0.481418078280486
"Pe=1000, Da=1",0.7312500000000001,0.48117766413362234,0.48117766951737395
"Pe=1000, Da=1",0.73175,0.48093737543760445,0.4809373808086928
"Pe=1000, Da=1",0.7322500000000001,0.4806972067360538,0.4806972120944902
"Pe=1000, Da=1",0.73275,0.48045715796904803,0.48045716331484367
"Pe=1000, Da=1",0.7332500000000001,0.4802172290766945,0.4802172344098608
"Pe=1000, Da=1",0.73375,0.47997741999913074,0.4799774253196789
"Pe=1000, Da=1",0.7342500000000001,0.47973773067652414,0.47973773598446545
"Pe=1000, Da=1",0.73475,0.47949816104907195,0.4794981663444177
"Pe=1000, Da=1",0.7352500000000001,0.47925871105700113,0.47925871633976264
"Pe=1000, Da=1",0.73575,0.4790193806405687,0.47901938591075716
"Pe=1000, Da=1",0.73625,0.4787801697400614,0.478780174997688
"Pe=1000, Da=1",0.73675,0.47854107829579584,0.47854108354087177
"Pe=1000, Da=1",0.73725,0.47830210624811836,0.478302111480655
"Pe=1000, Da=1",0.73775,0.4780632535374052,0.4780632587574136
"Pe=1000, Da=1",0.73825,0.47782452010406223,0.4778245253115537
"Pe=1000, Da=1",0.73875,0.47758590588852523,0.477585911083511
"Pe=1000, Da=1",0.73925,0.47734741083125964,0.4773474160137509
"Pe=1000, Da=1",0.73975,0.4771090348727607,0.4771090400427686
"Pe=1000, Da=1",0.74025,0.47687077795355326,0.4768707831110889
"Pe=1000, Da=1",0.74075,0.476632640014192,0.4766326451592665
"Pe=1000, Da=1",0.74125,0.4763946209952611,0.47639462612788575
"Pe=1000, Da=1",0.74175,0.47615672083737454,0.47615672595756053
"Pe=1000, Da=1",0.74225,0.475918939481176,0.4759189445889343
"Pe=1000, Da=1",0.74275,0.47568127686733874,0.4756812819626806
"Pe=1000, Da=1",0.74325,0.47544373293656556,0.47544373801950207
"Pe=1000, Da=1",0.74375,0.475206307629589,0.47520631270013136
"Pe=1000, Da=1",0.74425,0.47496900088717114,0.47496900594533037
"Pe=1000, Da=1",0.74475,0.4747318126501038,0.474731817695891
"Pe=1000, Da=1",0.74525,0.47449474285920795,0.47449474789263435
"Pe=1000, Da=1",0.74575,0.47425779145533453,0.47425779647641114
"Pe=1000, Da=1",0.74625,0.4740209583793639,0.4740209633881018
"Pe=1000, Da=1",0.74675,0.473784243572206,0.47378424856861623
"Pe=1000, Da=1",0.74725,0.4735476469748,0.4735476519588937
"Pe=1000, Da=1",0.74775,0.4733111685281149,0.473311173499903
"Pe=1000, Da=1",0.74825,0.47307480817314906,0.4730748131326425
"Pe=1000, Da=1",0.74875,0.4728385658509301,0.47283857079814023
"Pe=1000, Da=1",0.74925,0.47260244150251535,0.4726024464374531
"Pe=1000, Da=1",0.74975,0.47236643506899156,0.47236643999166783
"Pe=1000, Da=1",0.75025,0.4721305464914748,0.47213055140190063
"Pe=1000, Da=1",0.75075,0.4718947757111105,0.471894780609297
"Pe=1000, Da=1",0.75125,0.47165912266907367,0.47165912755503187
"Pe=1000, Da=1",0.75175,0.4714235873065686,0.4714235921803094
"Pe=1000, Da=1",0.75225,0.47118816956482884,0.4711881744263632
"Pe=1000, Da=1",0.75275,0.47095286938511743,0.47095287423445636
"Pe=1000, Da=1",0.75325,0.4707176867087266,0.47071769154588117
"Pe=1000, Da=1",0.75375,0.4704826214769781,0.47048262630195914
"Pe=1000, Da=1",0.75425,0.47024767363122283,0.47024767844404125
"Pe=1000, Da=1",0.75475,0.470012843112841,0.47001284791350784
"Pe=1000, Da=1",0.75525,0.46977812986324197,0.4697781346517682
"Pe=1000, Da=1",0.75575,0.46954353382386477,0.46954353860026127
"Pe=1000, Da=1",0.75625,0.46930905493617725,0.4693090597004548
"Pe=1000, Da=1",0.75675,0.46907469314167666,0.46907469789384637
"Pe=1000, Da=1",0.75725,0.4688404483818894,0.46884045312196204
"Pe=1000, Da=1",0.75775,0.4686063205983711,0.46860632532635765
"Pe=1000, Da=1",0.75825,0.46837230973270666,0.46837231444861793
"Pe=1000, Da=1",0.75875,0.46813841572651005,0.4681384204303571
"Pe=1000, Da=1",0.75925,0.46790463852142444,0.467904643213218
"Pe=1000, Da=1",0.75975,0.4676709780591221,0.4676709827388731
"Pe=1000, Da=1",0.76025,0.46743743428130446,0.4674374389490238
"Pe=1000, Da=1",0.76075,0.4672040071297021,0.4672040117854005
"Pe=1000, Da=1",0.76125,0.4669706965460747,0.466970701189763
"Pe=1000, Da=1",0.76175,0.46673750247221085,0.46673750710390005
"Pe=1000, Da=1",0.76225,0.46650442484992843,0.46650442946962917
"Pe=1000, Da=1",0.76275,0.4662714636210743,0.4662714682287975
"Pe=1000, Da=1",0.76325,0.4660386187275243,0.4660386233232807
"Pe=1000, Da=1",0.76375,0.4658058901111833,0.4658058946949838
"Pe=1000, Da=1",0.76425,0.4655732777139853,0.4655732822858406
"Pe=1000, Da=1",0.76475,0.4653407814778932,0.4653407860378142
"Pe=1000, Da=1",0.76525,0.4651084013448989,0.4651084058928963
"Pe=1000, Da=1",0.76575,0.4648761372570233,0.4648761417931079
"Pe=1000, Da=1",0.76625,0.46464398915631616,0.4646439936804987
"Pe=1000, Da=1",0.76675,0.4644119569848563,0.46441196149714753
"Pe=1000, Da=1",0.76725,0.46418004068475144,0.46418004518516215
"Pe=1000, Da=1",0.76775,0.4639482401981382,0.46394824468667895
"Pe=1000, Da=1",0.76825,0.4637165554671819,0.46371655994386357
"Pe=1000, Da=1",0.76875,0.46348498643407704,0.4634849908989104
"Pe=1000, Da=1",0.76925,0.4632535330410468,0.46325353749404247
"Pe=1000, Da=1",0.76975,0.4630221952303434,0.4630221996715121
"Pe=1000, Da=1",0.77025,0.4627909729442476,0.4627909773736
"Pe=1000, Da=1",0.77075,0.4625598661250692,0.46255987054261605
"Pe=1000, Da=1",0.77125,0.46232887471514683,0.4623288791208989
"Pe=1000, Da=1",0.77175,0.4620979986568478,0.4620980030508158
"Pe=1000, Da=1",0.77225,0.4618672378925683,0.46186724227476267
"Pe=1000, Da=1",0.77275,0.46163659236473314,0.4616365967351648
"Pe=1000, Da=1",0.77325,0.4614060620157961,0.4614060663744755
"Pe=1000, Da=1",0.77375,0.4611756467882395,0.46117565113517744
"Pe=1000, Da=1",0.77425,0.4609453466245745,0.4609453509597815
"Pe=1000, Da=1",0.77475,0.4607151614673409,0.46071516579082755
"Pe=1000, Da=1",0.77525,0.46048509125910714,0.46048509557088424
"Pe=1000, Da=1",0.77575,0.4602551359424705,0.46025514024254865
"Pe=1000, Da=1",0.77625,0.4600252954600568,0.4600252997484465
"Pe=1000, Da=1",0.77675,0.4597955697545207,0.4597955740312326
"Pe=1000, Da=1",0.77725,0.4595659587685452,0.45956596303359
"Pe=1000, Da=1",0.77775,0.45933646244484216,0.4593364666982303
"Pe=1000, Da=1",0.77825,0.459107080726152,0.45910708496789404
"Pe=1000, Da=1",0.77875,0.45887781355524354,0.4588778177853501
"Pe=1000, Da=1",0.77925,0.45864866087491446,0.4586486650933961
"Pe=1000, Da=1",0.77975,0.45841962262799085,0.4584196268348581
"Pe=1000, Da=1",0.78025,0.4581906987573274,0.4581907029525909
"Pe=1000, Da=1",0.78075,0.4579618892058073,0.45796189338947746
"Pe=1000, Da=1",0.78125,0.4577331939163423,0.45773319808842977
"Pe=1000, Da=1",0.7817500000000001,0.45750461283187266,0.4575046169923879
"Pe=1000, Da=1",0.78225,0.4572761458953671,0.45727615004432065
"Pe=1000, Da=1",0.7827500000000001,0.4570477930498228,0.45704779718722516
"Pe=1000, Da=1",0.78325,0.4568195542382655,0.45681955836412713
"Pe=1000, Da=1",0.7837500000000001,0.4565914294037493,0.4565914335180808
"Pe=1000, Da=1",0.78425,0.4563634184893568,0.45636342259216855
"Pe=1000, Da=1",0.7847500000000001,0.456135521438199,0.4561355255295016
"Pe=1000, Da=1",0.78525,0.4559077381934153,0.4559077422732191
"Pe=1000, Da=1",0.7857500000000001,0.4556800686981735,0.45568007276648903
"Pe=1000, Da=1",0.78625,0.45545251289566974,0.45545251695250744
"Pe=1000, Da=1",0.7867500000000001,0.4552250707291286,0.4552250747744989
"Pe=1000, Da=1",0.78725,0.45499774214180305,0.45499774617571637
"Pe=1000, Da=1",0.7877500000000001,0.45477052707697424,0.45477053109944104
"Pe=1000, Da=1",0.78825,0.45454342547795173,0.4545434294889824
"Pe=1000, Da=1",0.7887500000000001,0.45431643728807336,0.45431644128767845
"Pe=1000, Da=1",0.78925,0.4540895624507054,0.4540895664388952
"Pe=1000, Da=1",0.7897500000000001,0.45386280090924225,0.45386280488602715
"Pe=1000, Da=1",0.79025,0.4536361526071066,0.45363615657249706
"Pe=1000, Da=1",0.7907500000000001,0.45340961748774944,0.45340962144175573
"Pe=1000, Da=1",0.79125,0.4531831954946499,0.4531831994372827
"Pe=1000, Da=1",0.7917500000000001,0.4529568865713156,0.4529568905025851
"Pe=1000, Da=1",0.79225,0.4527306906612821,0.4527306945811985
"Pe=1000, Da=1",0.7927500000000001,0.4525046077081132,0.452504611616687
"Pe=1000, Da=1",0.79325,0.45227863765540094,0.45227864155264247
"Pe=1000, Da=1",0.7937500000000001,0.4520527804467655,0.4520527843326852
"Pe=1000, Da=1",0.79425,0.45182703602585533,0.45182703990046336
"Pe=1000, Da=1",0.7947500000000001,0.45160140433634677,0.4516014081996535
"Pe=1000, Da=1",0.79525,0.4513758853219445,0.4513758891739604
"Pe=1000, Da=1",0.7957500000000001,0.45115047892638127,0.45115048276711656
"Pe=1000, Da=1",0.79625,0.4509251850934179,0.4509251889228829
"Pe=1000, Da=1",0.7967500000000001,0.4507000037668432,0.45070000758504813
"Pe=1000, Da=1",0.79725,0.4504749348904743,0.4504749386974296
"Pe=1000, Da=1",0.7977500000000001,0.4502499784081561,0.4502499822038721
"Pe=1000, Da=1",0.79825,0.4500251342637619,0.4500251380482487
"Pe=1000, Da=1",0.7987500000000001,0.44980040240119257,0.4498004061744605
"Pe=1000, Da=1",0.79925,0.4495757827643773,0.4495757865264367
"Pe=1000, Da=1",0.7997500000000001,0.4493512752972733,0.4493512790481343
"Pe=1000, Da=1",0.80025,0.44912687994386563,0.4491268836835386
"Pe=1000, Da=1",0.80075,0.4489025966481674,0.4489026003766624
"Pe=1000, Da=1",0.80125,0.44867842535421965,0.448678429071547
"Pe=1000, Da=1",0.80175,0.44845436600609123,0.44845436971226127
"Pe=1000, Da=1",0.80225,0.44823041854787926,0.4482304222429021
"Pe=1000, Da=1",0.80275,0.44800658292370843,0.44800658660759424
"Pe=1000, Da=1",0.80325,0.4477828590777316,0.4477828627504906
"Pe=1000, Da=1",0.80375,0.44755924695412924,0.4475592506157716
"Pe=1000, Da=1",0.80425,0.44733574649711,0.4473357501476459
"Pe=1000, Da=1",0.80475,0.4471123576509101,0.44711236129034987
"Pe=1000, Da=1",0.80525,0.4468890803597939,0.44688908398814753
"Pe=1000, Da=1",0.80575,0.44666591456805327,0.4466659181853311
"Pe=1000, Da=1",0.80625,0.4464428602200081,0.4464428638262203
"Pe=1000, Da=1",0.80675,0.44621991726000626,0.4462199208551628
"Pe=1000, Da=1",0.80725,0.4459970856324231,0.44599708921653414
"Pe=1000, Da=1",0.80775,0.44577436528166176,0.44577436885473753
"Pe=1000, Da=1",0.80825,0.44555175615215326,0.4455517597142038
"Pe=1000, Da=1",0.80875,0.44532925818835634,0.4453292617393919
"Pe=1000, Da=1",0.80925,0.44510687133475757,0.4451068748747883
"Pe=1000, Da=1",0.80975,0.4448845955358711,0.44488459906490696
"Pe=1000, Da=1",0.81025,0.44466243073623896,0.44466243425429
"Pe=1000, Da=1",0.81075,0.4444403768804306,0.44444038038750694
"Pe=1000, Da=1",0.81125,0.44421843391304333,0.4442184374091552
"Pe=1000, Da=1",0.81175,0.44399660177870215,0.44399660526385964
"Pe=1000, Da=1",0.81225,0.4437748804220597,0.4437748838962727
"Pe=1000, Da=1",0.81275,0.4435532697877962,0.4435532732510748
"Pe=1000, Da=1",0.81325,0.4433317698206195,0.44333177327297374
"Pe=1000, Da=1",0.81375,0.44311038046526513,0.44311038390670515
"Pe=1000, Da=1",0.81425,0.44288910166649614,0.44288910509703183
"Pe=1000, Da=1",0.81475,0.4426679333691032,0.4426679367887447
"Pe=1000, Da=1",0.81525,0.4424468755179045,0.4424468789266619
"Pe=1000, Da=1",0.81575,0.4422259280577459,0.44222593145562916
"Pe=1000, Da=1",0.81625,0.44200509093350077,0.44200509432051993
"Pe=1000, Da=1",0.81675,0.4417843640900699,0.44178436746623484
"Pe=1000, Da=1",0.81725,0.44156374747238164,0.4415637508377026
"Pe=1000, Da=1",0.81775,0.44134324102539196,0.4413432443798788
"Pe=1000, Da=1",0.81825,0.44112284469408425,0.4411228480377468
"Pe=1000, Da=1",0.81875,0.44090255842346926,0.4409025617563176
"Pe=1000, Da=1",0.81925,0.44068238215858535,0.44068238548062955
"Pe=1000, Da=1",0.81975,0.4404623158444982,0.4404623191557482
"Pe=1000, Da=1",0.82025,0.44024235942630113,0.44024236272676687
"Pe=1000, Da=1",0.82075,0.44002251284911464,0.4400225161388059
"Pe=1000, Da=1",0.82125,0.4398027760580868,0.43980277933701367
"Pe=1000, Da=1",0.82175,0.43958314899839296,0.43958315226656536
"Pe=1000, Da=1",0.82225,0.4393636316152359,0.43936363487266367
"Pe=1000, Da=1",0.82275,0.43914422385384577,0.4391442271005389
"Pe=1000, Da=1",0.82325,0.4389249256594801,0.4389249288954485
"Pe=1000, Da=1",0.82375,0.4387057369774236,0.43870574020267716
"Pe=1000, Da=1",0.82425,0.43848665775298856,0.4384866609675372
"Pe=1000, Da=1",0.82475,0.4382676879315144,0.43826769113536795
"Pe=1000, Da=1",0.82525,0.43804882745836793,0.43804883065153627
"Pe=1000, Da=1",0.82575,0.4378300762789431,0.43783007946143615
"Pe=1000, Da=1",0.82625,0.4376114343386613,0.43761143751048887
"Pe=1000, Da=1",0.82675,0.437392901582971,0.437392904744143
"Pe=1000, Da=1",0.82725,0.4371744779573481,0.4371744811078743
"Pe=1000, Da=1",0.82775,0.4369561634072956,0.436956166547186
"Pe=1000, Da=1",0.82825,0.43673795787834374,0.43673796100760803
"Pe=1000, Da=1",0.82875,0.43651986131605,0.43651986443469804
"Pe=1000, Da=1",0.82925,0.43630187366599904,0.43630187677404064
"Pe=1000, Da=1",0.82975,0.4360839948738026,0.43608399797124764
"Pe=1000, Da=1",0.83025,0.4358662248850997,0.43586622797195795
"Pe=1000, Da=1",0.83075,0.4356485636455565,0.4356485667218376
"Pe=1000, Da=1",0.83125,0.43543101110086607,0.43543101416658014
"Pe=1000, Da=1",0.83175,0.4352135671967489,0.4352135702519056
"Pe=1000, Da=1",0.83225,0.4349962318789526,0.43499623492356165
"Pe=1000, Da=1",0.83275,0.4347790050932516,0.43477900812732284
"Pe=1000, Da=1",0.83325,0.43456188678544755,0.43456188980899074
"Pe=1000, Da=1",0.83375,0.4343448769013692,0.4343448799143941
"Pe=1000, Da=1",0.83425,0.43412797538687226,0.43412797838938855
"Pe=1000, Da=1",0.83475,0.43391118218783964,0.43391118517985716
"Pe=1000, Da=1",0.83525,0.43369449725018105,0.43369450023170947
"Pe=1000, Da=1",0.83575,0.43347792051983347,0.43347792349088254
"Pe=1000, Da=1",0.83625,0.43326145194276067,0.43326145490334017
"Pe=1000, Da=1",0.83675,0.4330450914649534,0.4330450944150729
"Pe=1000, Da=1",0.83725,0.4328288390324296,0.4328288419720988
"Pe=1000, Da=1",0.83775,0.43261269459123386,0.4326126975204626
"Pe=1000, Da=1",0.83825,0.432396658087438,0.43239666100623597
"Pe=1000, Da=1",0.83875,0.4321807294671406,0.43218073237551735
"Pe=1000, Da=1",0.83925,0.4319649086764672,0.43196491157443256
"Pe=1000, Da=1",0.83975,0.4317491956615703,0.43174919854913385
"Pe=1000, Da=1",0.84025,0.43153359036862915,0.43153359324580065
"Pe=1000, Da=1",0.84075,0.43131809274384997,0.431318095610639
"Pe=1000, Da=1",0.84125,0.4311027027334659,0.4311027055898821
"Pe=1000, Da=1",0.84175,0.43088742028373683,0.43088742312979
"Pe=1000, Da=1",0.84225,0.4306722453409495,0.4306722481766492
"Pe=1000, Da=1",0.84275,0.43045717785141757,0.4304571806767733
"Pe=1000, Da=1",0.84325,0.43024221776148147,0.4302422205765029
"Pe=1000, Da=1",0.84375,0.4300273650175082,0.4300273678222051
"Pe=1000, Da=1",0.8442500000000001,0.42981261956589195,0.4298126223602738
"Pe=1000, Da=1",0.84475,0.4295979813530533,0.4295979841371297
"Pe=1000, Da=1",0.8452500000000001,0.4293834503254399,0.4293834530992204
"Pe=1000, Da=1",0.84575,0.4291690264295259,0.42916902919302014
"Pe=1000, Da=1",0.8462500000000001,0.42895470961181226,0.42895471236502986
"Pe=1000, Da=1",0.84675,0.4287404998188267,0.4287405025617772
"Pe=1000, Da=1",0.8472500000000001,0.42852639699712364,0.4285263997298166
"Pe=1000, Da=1",0.84775,0.42831240109328406,0.4283124038157291
"Pe=1000, Da=1",0.8482500000000001,0.42809851205391586,0.4280985147661225
"Pe=1000, Da=1",0.84875,0.4278847298256534,0.4278847325276312
"Pe=1000, Da=1",0.8492500000000001,0.42767105435515773,0.42767105704691627
"Pe=1000, Da=1",0.84975,0.42745748558911656,0.4274574882706653
"Pe=1000, Da=1",0.8502500000000001,0.4272440234742443,0.42724402614559276
"Pe=1000, Da=1",0.85075,0.42703066795728173,0.4270306706184395
"Pe=1000, Da=1",0.8512500000000001,0.4268174189849966,0.4268174216359731
"Pe=1000, Da=1",0.85175,0.42660427650418287,0.4266042791449875
"Pe=1000, Da=1",0.8522500000000001,0.4263912404616612,0.4263912430923038
"Pe=1000, Da=1",0.85275,0.426178310804279,0.42617831342476875
"Pe=1000, Da=1",0.8532500000000001,0.42596548747890994,0.42596549008925644
"Pe=1000, Da=1",0.85375,0.42575277043245435,0.425752773032667
"Pe=1000, Da=1",0.8542500000000001,0.425540159611839,0.42554016220192753
"Pe=1000, Da=1",0.85475,0.42532765496401737,0.425327657543991
"Pe=1000, Da=1",0.8552500000000001,0.42511525643596926,0.4251152590058374
"Pe=1000, Da=1",0.85575,0.4249029639747009,0.4249029665344732
"Pe=1000, Da=1",0.8562500000000001,0.4246907775272451,0.4246907800769309
"Pe=1000, Da=1",0.85675,0.4244786970406611,0.42447869958026974
"Pe=1000, Da=1",0.8572500000000001,0.4242667224620345,0.4242667249915755
"Pe=1000, Da=1",0.85775,0.42405485373847746,0.4240548562579603
"Pe=1000, Da=1",0.8582500000000001,0.4238430908171284,0.4238430933265624
"Pe=1000, Da=1",0.85875,0.42363143364515227,0.42363143614454685
"Pe=1000, Da=1",0.8592500000000001,0.42341988216974025,0.4234198846591048
"Pe=1000, Da=1",0.85975,0.4232084363381101,0.4232084388174541
"Pe=1000, Da=1",0.8602500000000001,0.4229970960975058,0.4229970985668386
"Pe=1000, Da=1",0.86075,0.4227858613951977,0.4227858638545286
"Pe=1000, Da=1",0.8612500000000001,0.42257473217848235,0.4225747346278208
"Pe=1000, Da=1",0.86175,0.4223637083946829,0.42236371083403834
"Pe=1000, Da=1",0.8622500000000001,0.4221527899911486,0.4221527924205303
"Pe=1000, Da=1",0.86275,0.42194197691525503,0.4219419793346725
"Pe=1000, Da=1",0.8632500000000001,0.4217312691144042,0.42173127152386647
"Pe=1000, Da=1",0.86375,0.4215206665360241,0.42152066893554074
"Pe=1000, Da=1",0.86425,0.4213101691275692,0.42131017151714956
"Pe=1000, Da=1",0.86475,0.42109977683652017,0.42109977921617336
"Pe=1000, Da=1",0.86525,0.4208894896103838,0.42088949198011916
"Pe=1000, Da=1",0.86575,0.4206793073966932,0.42067930975652024
"Pe=1000, Da=1",0.86625,0.4204692301430076,0.42046923249293555
"Pe=1000, Da=1",0.86675,0.4202592577969125,0.4202592601369507
"Pe=1000, Da=1",0.86725,0.4200493903060195,0.4200493926361772
"Pe=1000, Da=1",0.86775,0.4198396276179665,0.419839629938253
"Pe=1000, Da=1",0.86825,0.4196299696804175,0.41962997199084207
"Pe=1000, Da=1",0.86875,0.4194204164410625,0.4194204187416343
"Pe=1000, Da=1",0.86925,0.4192109678476176,0.41921097013834596
"Pe=1000, Da=1",0.86975,0.4190016238478252,0.41900162612871944
"Pe=1000, Da=1",0.87025,0.4187923843894537,0.41879238666052315
"Pe=1000, Da=1",0.87075,0.4185832494202977,0.4185832516815515
"Pe=1000, Da=1",0.87125,0.41837421888817766,0.4183742211396251
"Pe=1000, Da=1",0.87175,0.4181652927409403,0.41816529498259053
"Pe=1000, Da=1",0.87225,0.4179564709264582,0.41795647315832035
"Pe=1000, Da=1",0.87275,0.4177477533926301,0.4177477556147136
"Pe=1000, Da=1",0.87325,0.4175391400873807,0.4175391422996947
"Pe=1000, Da=1",0.87375,0.41733063095866074,0.4173306331612144
"Pe=1000, Da=1",0.87425,0.4171222259544469,0.4171222281472495
"Pe=1000, Da=1",0.87475,0.416913925022742,0.4169139272058025
"Pe=1000, Da=1",0.87525,0.4167057281115745,0.41670573028490226
"Pe=1000, Da=1",0.87575,0.4164976351689992,0.41649763733260337
"Pe=1000, Da=1",0.87625,0.4162896461430965,0.4162896482969863
"Pe=1000, Da=1",0.87675,0.416081760981973,0.4160817631261575
"Pe=1000, Da=1",0.87725,0.41587397963376105,0.4158739817682494
"Pe=1000, Da=1",0.87775,0.415666302046619,0.4156663041714205
"Pe=1000, Da=1",0.87825,0.4154587281687309,0.41545873028385455
"Pe=1000, Da=1",0.87875,0.415251257948307,0.4152512600537619
"Pe=1000, Da=1",0.87925,0.415043891333583,0.4150438934293783
"Pe=1000, Da=1",0.87975,0.41483662827282086,0.41483663035896584
"Pe=1000, Da=1",0.88025,0.41462946871430806,0.4146294707908118
"Pe=1000, Da=1",0.88075,0.4144224126063581,0.41442241467322966
"Pe=1000, Da=1",0.88125,0.4142154598973103,0.41421546195455883
"Pe=1000, Da=1",0.88175,0.4140086105355296,0.4140086125831642
"Pe=1000, Da=1",0.88225,0.4138018644694069,0.4138018665074365
"Pe=1000, Da=1",0.88275,0.4135952216473588,0.41359522367579254
"Pe=1000, Da=1",0.88325,0.4133886820178276,0.4133886840366746
"Pe=1000, Da=1",0.88375,0.4131822455292814,0.4131822475385507
"Pe=1000, Da=1",0.88425,0.4129759121302141,0.4129759141299148
"Pe=1000, Da=1",0.88475,0.4127696817691453,0.41276968375928635
"Pe=1000, Da=1",0.88525,0.41256355439462017,0.4125635563752107
"Pe=1000, Da=1",0.88575,0.41235752995520975,0.4123575319262588
"Pe=1000, Da=1",0.88625,0.4121516083995106,0.41215161036102727
"Pe=1000, Da=1",0.88675,0.41194578967614515,0.4119457916281383
"Pe=1000, Da=1",0.88725,0.4117400737337613,0.41174007567624
"Pe=1000, Da=1",0.88775,0.41153446052103265,0.41153446245400604
"Pe=1000, Da=1",0.88825,0.4113289499866585,0.4113289519101356
"Pe=1000, Da=1",0.88875,0.4111235420793637,0.4111235439933534
"Pe=1000, Da=1",0.88925,0.41091823674789874,0.41091823865241
"Pe=1000, Da=1",0.88975,0.41071303394103964,0.41071303583608165
"Pe=1000, Da=1",0.89025,0.4105079336075882,0.4105079354931698
"Pe=1000, Da=1",0.89075,0.41030293569637144,0.41030293757250164
"Pe=1000, Da=1",0.89125,0.41009804015624224,0.4100980420229299
"Pe=1000, Da=1",0.89175,0.40989324693607887,0.40989324879333305
"Pe=1000, Da=1",0.89225,0.40968855598478515,0.40968855783261493
"Pe=1000, Da=1",0.89275,0.40948396725129055,0.4094839690897046
"Pe=1000, Da=1",0.89325,0.4092794806845498,0.4092794825135573
"Pe=1000, Da=1",0.89375,0.4090750962335432,0.409075098053153
"Pe=1000, Da=1",0.89425,0.4088708138472768,0.40887081565749783
"Pe=1000, Da=1",0.89475,0.40866663347478177,0.40866663527562286
"Pe=1000, Da=1",0.89525,0.4084625550651148,0.408462556856585
"Pe=1000, Da=1",0.89575,0.4082585785673582,0.4082585803494663
"Pe=1000, Da=1",0.89625,0.40805470393061943,0.4080547057033745
"Pe=1000, Da=1",0.89675,0.4078509311040316,0.4078509328674425
"Pe=1000, Da=1",0.89725,0.4076472600367531,0.40764726179082866
"Pe=1000, Da=1",0.89775,0.4074436906779678,0.40744369242271694
"Pe=1000, Da=1",0.89825,0.40724022297688495,0.4072402247123165
"Pe=1000, Da=1",0.89875,0.407036856882739,0.40703685860886185
"Pe=1000, Da=1",0.89925,0.4068335923447899,0.4068335940616129
"Pe=1000, Da=1",0.89975,0.40663042931232285,0.40663043101985485
"Pe=1000, Da=1",0.90025,0.40642736773464855,0.4064273694328984
"Pe=1000, Da=1",0.90075,0.40622440756110273,0.4062244092500794
"Pe=1000, Da=1",0.90125,0.40602154874104673,0.4060215504207589
"Pe=1000, Da=1",0.90175,0.4058187912238668,0.4058187928943234
"Pe=1000, Da=1",0.90225,0.4056161349589749,0.40561613662018475
"Pe=1000, Da=1",0.90275,0.40541357989580795,0.4054135815477799
"Pe=1000, Da=1",0.90325,0.4052111259838283,0.40521112762657113
"Pe=1000, Da=1",0.90375,0.4050087731725234,0.4050087748060458
"Pe=1000, Da=1",0.90425,0.40480652141140594,0.40480652303571685
"Pe=1000, Da=1",0.90475,0.4046043706500139,0.4046043722651221
"Pe=1000, Da=1",0.90525,0.4044023208379104,0.40440232244382457
"Pe=1000, Da=1",0.90575,0.4042003719246837,0.4042003735214127
"Pe=1000, Da=1",0.90625,0.4039985238599474,0.40399852544750003
"Pe=1000, Da=1",0.9067500000000001,0.4037967765933401,0.403796778171725
"Pe=1000, Da=1",0.90725,0.40359513007452574,0.4035951316437516
"Pe=1000, Da=1",0.9077500000000001,0.40339358425319305,0.4033935858132688
"Pe=1000, Da=1",0.90825,0.40319213907905616,0.40319214062999065
"Pe=1000, Da=1",0.9087500000000001,0.4029907945018543,0.4029907960436562
"Pe=1000, Da=1",0.90925,0.4027895504713518,0.4027895520040297
"Pe=1000, Da=1",0.9097500000000001,0.40258840693733794,0.40258840846090066
"Pe=1000, Da=1",0.91025,0.4023873638496272,0.4023873653640834
"Pe=1000, Da=1",0.9107500000000001,0.4021864211580591,0.40218642266341764
"Pe=1000, Da=1",0.91125,0.40198557881249813,0.4019855803087675
"Pe=1000, Da=1",0.9117500000000001,0.4017848367628339,0.401784838250023
"Pe=1000, Da=1",0.91225,0.40158419495898107,0.4015841964370985
"Pe=1000, Da=1",0.9127500000000001,0.4013836533508791,0.40138365481993366
"Pe=1000, Da=1",0.91325,0.4011832118884929,0.40118321334849316
"Pe=1000, Da=1",0.9137500000000001,0.4009828705218118,0.4009828719727664
"Pe=1000, Da=1",0.91425,0.40078262920085056,0.4007826306427682
"Pe=1000, Da=1",0.9147500000000001,0.40058248787564865,0.40058248930853807
"Pe=1000, Da=1",0.91525,0.4003824464962705,0.4003824479201403
"Pe=1000, Da=1",0.9157500000000001,0.40018250501280567,0.40018250642766456
"Pe=1000, Da=1",0.91625,0.3999826633753684,0.399982664781225
"Pe=1000, Da=1",0.9167500000000001,0.3997829215340981,0.39978292293096107
"Pe=1000, Da=1",0.91725,0.39958327943915883,0.3995832808270368
"Pe=1000, Da=1",0.9177500000000001,0.3993837370407397,0.3993837384196412
"Pe=1000, Da=1",0.91825,0.3991842942890545,0.3991842956589882
"Pe=1000, Da=1",0.9187500000000001,0.3989849511343421,0.3989849524953167
"Pe=1000, Da=1",0.91925,0.39878570752686626,0.3987857088788902
"Pe=1000, Da=1",0.9197500000000001,0.39858656341691523,0.3985865647599972
"Pe=1000, Da=1",0.92025,0.3983875187548025,0.3983875200889511
"Pe=1000, Da=1",0.9207500000000001,0.39818857349086606,0.39818857481608994
"Pe=1000, Da=1",0.92125,0.3979897275754689,0.3979897288917766
"Pe=1000, Da=1",0.9217500000000001,0.3977909809589987,0.39779098226639864
"Pe=1000, Da=1",0.92225,0.3975923335918679,0.3975923348903688
"Pe=1000, Da=1",0.9227500000000001,0.39739378542451376,0.3973937867141242
"Pe=1000, Da=1",0.92325,0.3971953364073983,0.3971953376881267
"Pe=1000, Da=1",0.9237500000000001,0.3969969864910081,0.3969969877628632
"Pe=1000, Da=1",0.92425,0.39679873562585477,0.39679873688884504
"Pe=1000, Da=1",0.9247500000000001,0.3966005837624744,0.39660058501660844
"Pe=1000, Da=1",0.92525,0.39640253085142796,0.39640253209671417
"Pe=1000, Da=1",0.9257500000000001,0.3962045768433009,0.3962045780797478
"Pe=1000, Da=1",0.92625,0.39600672168870354,0.3960067229163197
"Pe=1000, Da=1",0.9267500000000001,0.3958089653382707,0.3958089665570646
"Pe=1000, Da=1",0.92725,0.3956113077426619,0.3956113089526422
"Pe=1000, Da=1",0.9277500000000001,0.39541374885256136,0.39541375005373636
"Pe=1000, Da=1",0.92825,0.39521628861867797,0.39521628981105617
"Pe=1000, Da=1",0.92875,0.395018926991745,0.395018928175335
"Pe=1000, Da=1",0.92925,0.39482166392252066,0.3948216650973309
"Pe=1000, Da=1",0.92975,0.3946244993617875,0.39462450052782644
"Pe=1000, Da=1",0.93025,0.3944274332603527,0.3944274344176287
"Pe=1000, Da=1",0.93075,0.39423046556904795,0.39423046671756967
"Pe=1000, Da=1",0.93125,0.3940335962387297,0.3940335973785055
"Pe=1000, Da=1",0.93175,0.3938368252202787,0.393836826351317
"Pe=1000, Da=1",0.93225,0.39364015246460043,0.3936401535869098
"Pe=1000, Da=1",0.93275,0.3934435779226248,0.3934435790362135
"Pe=1000, Da=1",0.93325,0.3932471015453062,0.39324710265018276
"Pe=1000, Da=1",0.93375,0.39305072328362345,0.3930507243797962
"Pe=1000, Da=1",0.93425,0.39285444308858003,0.3928544441760575
"Pe=1000, Da=1",0.93475,0.39265826091120376,0.3926582619899944
"Pe=1000, Da=1",0.93525,0.39246217670254696,0.392462177772659
"Pe=1000, Da=1",0.93575,0.3922661904136863,0.39226619147512826
"Pe=1000, Da=1",0.93625,0.39207030199572307,0.3920703030485033
"Pe=1000, Da=1",0.93675,0.3918745113997828,0.39187451244390975
"Pe=1000, Da=1",0.93725,0.3916788185770155,0.3916788196124975
"Pe=1000, Da=1",0.93775,0.39148322347859554,0.39148322450544093
"Pe=1000, Da=1",0.93825,0.39128772605572176,0.3912877270739391
"Pe=1000, Da=1",0.93875,0.39109232625961726,0.39109232726921483
"Pe=1000, Da=1",0.93925,0.39089702404152965,0.3908970250425157
"Pe=1000, Da=1",0.93975,0.39070181935273074,0.3907018203451136
"Pe=1000, Da=1",0.94025,0.39050671214451665,0.3905067131283048
"Pe=1000, Da=1",0.94075,0.390311702368208,0.39031170334340975
"Pe=1000, Da=1",0.94125,0.39011678997514954,0.39011679094177315
"Pe=1000, Da=1",0.94175,0.38992197491671043,0.3899219758747641
"Pe=1000, Da=1",0.94225,0.389727257144284,0.38972725809377634
"Pe=1000, Da=1",0.94275,0.38953263660928805,0.38953263755022716
"Pe=1000, Da=1",0.94325,0.38933811326316436,0.38933811419555864
"Pe=1000, Da=1",0.94375,0.38914368705737923,0.38914368798123694
"Pe=1000, Da=1",0.94425,0.38894935794342306,0.38894935885875254
"Pe=1000, Da=1",0.94475,0.38875512587281047,0.38875512677961993
"Pe=1000, Da=1",0.94525,0.38856099079708034,0.38856099169537806
"Pe=1000, Da=1",0.94575,0.38836695266779575,0.38836695355759
"Pe=1000, Da=1",0.94625,0.38817301143654387,0.388173012317843
"Pe=1000, Da=1",0.94675,0.3879791670549362,0.38797916792774845
"Pe=1000, Da=1",0.94725,0.38778541947460826,0.3877854203389419
"Pe=1000, Da=1",0.94775,0.38759176864721984,0.3875917695030831
"Pe=1000, Da=1",0.94825,0.3873982145244549,0.3873982153718561
"Pe=1000, Da=1",0.94875,0.3872047570580213,0.38720475789696857
"Pe=1000, Da=1",0.94925,0.38701139619965125,0.38701139703015275
"Pe=1000, Da=1",0.94975,0.3868181319011009,0.386818132723165
"Pe=1000, Da=1",0.95025,0.3866249641141507,0.3866249649277856
"Pe=1000, Da=1",0.95075,0.386431892790605,0.38643189359581886
"Pe=1000, Da=1",0.95125,0.3862389178822922,0.3862389186790932
"Pe=1000, Da=1",0.95175,0.38604603934106485,0.38604604012946125
"Pe=1000, Da=1",0.95225,0.3858532571187996,0.38585325789879954
"Pe=1000, Da=1",0.95275,0.3856605711673968,0.3856605719390086
"Pe=1000, Da=1",0.95325,0.38546798143878136,0.38546798220201306
"Pe=1000, Da=1",0.95375,0.3852754878849018,0.38527548863976163
"Pe=1000, Da=1",0.95425,0.38508309045773076,0.3850830912042269
"Pe=1000, Da=1",0.95475,0.3848907891092648,0.3848907898474054
"Pe=1000, Da=1",0.95525,0.38469858379152444,0.38469858452131767
"Pe=1000, Da=1",0.95575,0.38450647445655434,0.38450647517800834
"Pe=1000, Da=1",0.95625,0.3843144610564229,0.3843144617695459
"Pe=1000, Da=1",0.95675,0.3841225435432226,0.3841225442480227
"Pe=1000, Da=1",0.95725,0.3839307218690698,0.3839307225655551
"Pe=1000, Da=1",0.95775,0.38373899598610467,0.38373899667428335
"Pe=1000, Da=1",0.95825,0.3835473658464914,0.38354736652637156
"Pe=1000, Da=1",0.95875,0.3833558314024181,0.3833558320740078
"Pe=1000, Da=1",0.95925,0.3831643926060966,0.38316439326940405
"Pe=1000, Da=1",0.95975,0.38297304940976273,0.38297305006479593
"Pe=1000, Da=1",0.96025,0.38278180176567617,0.38278180241244325
"Pe=1000, Da=1",0.96075,0.38259064962612027,0.38259065026462935
"Pe=1000, Da=1",0.96125,0.3823995929434025,0.38239959357366166
"Pe=1000, Da=1",0.96175,0.3822086316698538,0.38220863229187113
"Pe=1000, Da=1",0.96225,0.38201776575782925,0.3820177663716128
"Pe=1000, Da=1",0.96275,0.38182699515970747,0.38182699576526535
"Pe=1000, Da=1",0.96325,0.38163631982789104,0.3816363204252313
"Pe=1000, Da=1",0.96375,0.38144573971480616,0.3814457403039368
"Pe=1000, Da=1",0.96425,0.38125525477290295,0.381255255353832
"Pe=1000, Da=1",0.96475,0.3810648649546551,0.3810648655273907
"Pe=1000, Da=1",0.96525,0.3808745702125601,0.3808745707771103
"Pe=1000, Da=1",0.96575,0.3806843704991392,0.38068437105551195
"Pe=1000, Da=1",0.96625,0.38049426576693746,0.3804942663151408
"Pe=1000, Da=1",0.96675,0.38030425596852335,0.3803042565085653
"Pe=1000, Da=1",0.96725,0.3801143410564892,0.38011434158837787
"Pe=1000, Da=1",0.96775,0.37992452098345114,0.37992452150719436
"Pe=1000, Da=1",0.96825,0.3797347957020487,0.3797347962176546
"Pe=1000, Da=1",0.96875,0.37954516516494524,0.37954516567242175
"Pe=1000, Da=1",0.9692500000000001,0.37935562932482764,0.37935562982418297
"Pe=1000, Da=1",0.96975,0.3791661881344066,0.3791661886256485
"Pe=1000, Da=1",0.9702500000000001,0.37897684154641625,0.37897684202955273
"Pe=1000, Da=1",0.97075,0.37878758951361446,0.3787875899886535
"Pe=1000, Da=1",0.9712500000000001,0.3785984319887825,0.37859843245573205
"Pe=1000, Da=1",0.97175,0.3784093689247253,0.37840936938359343
"Pe=1000, Da=1",0.9722500000000001,0.37822040027427156,0.37822040072506624
"Pe=1000, Da=1",0.97275,0.3780315259902733,0.3780315264330024
"Pe=1000, Da=1",0.9732500000000001,0.3778427460256062,0.3778427464602779
"Pe=1000, Da=1",0.97375,0.37765406033316945,0.37765406075979163
"Pe=1000, Da=1",0.9742500000000001,0.37746546886588583,0.37746546928446667
"Pe=1000, Da=1",0.97475,0.37727697157670176,0.37727697198724935
"Pe=1000, Da=1",0.9752500000000001,0.37708856841858707,0.37708856882110986
"Pe=1000, Da=1",0.97575,0.37690025934453536,0.37690025973904184
"Pe=1000, Da=1",0.9762500000000001,0.37671204430756394,0.37671204469406316
"Pe=1000, Da=1",0.97675,0.37652392326071393,0.37652392363921566
"Pe=1000, Da=1",0.9772500000000001,0.37633589615705076,0.3763358965275658
"Pe=1000, Da=1",0.97775,0.3761479629496644,0.37614796331220546
"Pe=1000, Da=1",0.9782500000000001,0.37596012359167036,0.37596012394625283
"Pe=1000, Da=1",0.97875,0.37577237803621066,0.3757723783828551
"Pe=1000, Da=1",0.9792500000000001,0.37558472623645656,0.37558472657519093
"Pe=1000, Da=1",0.97975,0.37539716814561175,0.37539716847647664
"Pe=1000, Da=1",0.9802500000000001,0.375209703716919,0.375209704039975
"Pe=1000, Da=1",0.98075,0.3750223329036698,0.37502233321901046
"Pe=1000, Da=1",0.9812500000000001,0.37483505565922237,0.3748350559669936
"Pe=1000, Da=1",0.98175,0.3746478719370296,0.37464787223746243
"Pe=1000, Da=1",0.9822500000000001,0.37446078169068725,0.37446078198414934
"Pe=1000, Da=1",0.98275,0.37427378487401347,0.37427378516109316
"Pe=1000, Da=1",0.9832500000000001,0.37408688144118174,0.37408688172282206
"Pe=1000, Da=1",0.98375,0.3739000713469426,0.37390007162465644
"Pe=1000, Da=1",0.9842500000000001,0.3737133545469928,0.3737133548232091
"Pe=1000, Da=1",0.98475,0.37352673099859207,0.3735267312772088
"Pe=1000, Da=1",0.9852500000000001,0.3733402006615903,0.3733402009488598
"Pe=1000, Da=1",0.98575,0.3731537635001411,0.3731537638060841
"Pe=1000, Da=1",0.9862500000000001,0.37296741948555906,0.3729674198262206
"Pe=1000, Da=1",0.98675,0.37278116860108407,0.3727811690021263
"Pe=1000, Da=1",0.9872500000000001,0.37259501084982594,0.3725950113522411
"Pe=1000, Da=1",0.98775,0.37240894626801235,0.37240894693719
"Pe=1000, Da=1",0.9882500000000001,0.3722229749470789,0.3722229758871692
"Pe=1000, Da=1",0.98875,0.37203709707050553,0.3720370984471202
"Pe=1000, Da=1",0.9892500000000001,0.3718513129752399,0.37185131505124736
"Pe=1000, Da=1",0.98975,0.37166562325412217,0.37166562644593776
"Pe=1000, Da=1",0.9902500000000001,0.37148002892667725,0.3714800338925221
"Pe=1000, Da=1",0.99075,0.3712945317239113,0.3712945395017401
"Pe=1000, Da=1",0.9912500000000001,0.37110913456320915,0.37110914678545304
"Pe=1000, Da=1",0.99175,0.3709238423402267,0.37092386156672164
"Pe=1000, Da=1",0.99225,0.37073866324936916,0.3707386934810188
"Pe=1000, Da=1",0.99275,0.3705536109856897,0.3705536584525475
"Pe=1000, Da=1",0.99325,0.3703687084165523,0.37036878277903956
"Pe=1000, Da=1",0.99375,0.37018399370412874,0.3701841098698141
"Pe=1000, Da=1",0.99425,0.3699995305146575,0.3699997113605093
"Pe=1000, Da=1",0.99475,0.36981542504237686,0.3698157054473319
"Pe=1000, Da=1",0.99525,0.3696318543969231,0.36963228713022706
"Pe=1000, Da=1",0.99575,0.36944911393929913,0.3694497781003497
"Pe=1000, Da=1",0.99625,0.3692676962145722,0.36926870903169207
"Pe=1000, Da=1",0.99675,0.36908842257209873,0.3690899553248301
"Pe=1000, Da=1",0.99725,0.3689126626421669,0.36891496102234084
"Pe=1000, Da=1",0.99775,0.36874270031316103,0.3687461081673654
"Pe=1000, Da=1",0.99825,0.3685823439982556,0.3685873260771832
"Pe=1000, Da=1",0.99875,0.368437944254746,0.3684450963673997
"Pe=1000, Da=1",0.99925,0.36832009066364824,0.368330110784584
"Pe=1000, Da=1",0.99975,0.36824644137537305,0.3682600058758312
